--------------------------------------------------------
-- Archivo creado  - jueves-octubre-26-2017   
--------------------------------------------------------

REM INSERTING into ISIS2304B121720.USUARIOS
SET DEFINE OFF;
Insert into ISIS2304B121720.USUARIOS (ID,PASSWORD, ROL) values ('1','vergerghR', 'REPRESENTANTE');
Insert into ISIS2304B121720.USUARIOS (ID,PASSWORD, ROL) values ('2','vLhKJoqj8C', 'REPRESENTANTE');
Insert into ISIS2304B121720.USUARIOS (ID,PASSWORD, ROL) values ('3','vLhKJoqjbrge8C', 'REPRESENTANTE');
Insert into ISIS2304B121720.USUARIOS (ID,PASSWORD, ROL) values ('4','T5BBAZCGshj', 'REPRESENTANTE');
Insert into ISIS2304B121720.USUARIOS (ID,PASSWORD, ROL) values ('5','R1WCvNtMk8Sv', 'REPRESENTANTE');
Insert into ISIS2304B121720.USUARIOS (ID,PASSWORD, ROL) values ('6','Y32DXctXB', 'REPRESENTANTE');
Insert into ISIS2304B121720.USUARIOS (ID,PASSWORD, ROL) values ('7','Oc9OgSywi', 'REPRESENTANTE');
Insert into ISIS2304B121720.USUARIOS (ID,PASSWORD, ROL) values ('8','dUTqorbZcxo', 'REPRESENTANTE');
Insert into ISIS2304B121720.USUARIOS (ID,PASSWORD, ROL) values ('9','9vBZr6', 'REPRESENTANTE');
Insert into ISIS2304B121720.USUARIOS (ID,PASSWORD, ROL) values ('10','dYPxjI', 'REPRESENTANTE');
Insert into ISIS2304B121720.USUARIOS (ID,PASSWORD, ROL) values ('11','6YqFr4OBX', 'REPRESENTANTE');
Insert into ISIS2304B121720.USUARIOS (ID,PASSWORD, ROL) values ('12','pEzIlgxeQD', 'REPRESENTANTE');
Insert into ISIS2304B121720.USUARIOS (ID,PASSWORD, ROL) values ('13','QvUV7a8LK', 'REPRESENTANTE');
Insert into ISIS2304B121720.USUARIOS (ID,PASSWORD, ROL) values ('14','QwegregerLK', 'REPRESENTANTE');
Insert into ISIS2304B121720.USUARIOS (ID,PASSWORD, ROL) values ('15','wd6stEUn9', 'REPRESENTANTE');
Insert into ISIS2304B121720.USUARIOS (ID,PASSWORD, ROL) values ('16','egFTFJu', 'REPRESENTANTE');
Insert into ISIS2304B121720.USUARIOS (ID,PASSWORD, ROL) values ('17','egFTFwegwgJu', 'REPRESENTANTE');
Insert into ISIS2304B121720.USUARIOS (ID,PASSWORD, ROL) values ('18','sdvFJu', 'REPRESENTANTE');
Insert into ISIS2304B121720.USUARIOS (ID,PASSWORD, ROL) values ('19','ewgwegwJu', 'REPRESENTANTE');
Insert into ISIS2304B121720.USUARIOS (ID,PASSWORD, ROL) values ('20','gwegewFTFJu', 'REPRESENTANTE');
Insert into ISIS2304B121720.USUARIOS (ID,PASSWORD, ROL) values ('21','erhsrth44Ju', 'REPRESENTANTE');
Insert into ISIS2304B121720.USUARIOS (ID,PASSWORD, ROL) values ('22','EoDMuI3YkN', 'REPRESENTANTE');
Insert into ISIS2304B121720.USUARIOS (ID,PASSWORD, ROL) values ('23','BkZbgkX2n7', 'REPRESENTANTE');
Insert into ISIS2304B121720.USUARIOS (ID,PASSWORD, ROL) values ('24','B52525ffgkX2n7', 'REPRESENTANTE');
Insert into ISIS2304B121720.USUARIOS (ID,PASSWORD, ROL) values ('25','n0tmKajo', 'REPRESENTANTE');
Insert into ISIS2304B121720.USUARIOS (ID,PASSWORD, ROL) values ('26','G9lHdlIJSwM', 'REPRESENTANTE');
Insert into ISIS2304B121720.USUARIOS (ID,PASSWORD, ROL) values ('27','G9lH34634IJSwM', 'REPRESENTANTE');
Insert into ISIS2304B121720.USUARIOS (ID,PASSWORD, ROL) values ('28','G123423gHdlIJSwM', 'REPRESENTANTE');
Insert into ISIS2304B121720.USUARIOS (ID,PASSWORD, ROL) values ('29','RFGG54SwM', 'REPRESENTANTE');
Insert into ISIS2304B121720.USUARIOS (ID,PASSWORD, ROL) values ('30','TEoUwPqYCT', 'REPRESENTANTE');
Insert into ISIS2304B121720.USUARIOS (ID,PASSWORD, ROL) values ('31','yNDxUqM4', 'REPRESENTANTE');
Insert into ISIS2304B121720.USUARIOS (ID,PASSWORD, ROL) values ('32','ykAhWLnK', 'REPRESENTANTE');
Insert into ISIS2304B121720.USUARIOS (ID,PASSWORD, ROL) values ('33','CqryZWdVGnfQ', 'REPRESENTANTE');
Insert into ISIS2304B121720.USUARIOS (ID,PASSWORD, ROL) values ('34','2FxhWMO', 'REPRESENTANTE');
Insert into ISIS2304B121720.USUARIOS (ID,PASSWORD, ROL) values ('35','8nZEq7', 'REPRESENTANTE');
Insert into ISIS2304B121720.USUARIOS (ID,PASSWORD, ROL) values ('36','8w5fFFZEq7', 'REPRESENTANTE');
Insert into ISIS2304B121720.USUARIOS (ID,PASSWORD, ROL) values ('37','ATNSq4UKz', 'REPRESENTANTE');
Insert into ISIS2304B121720.USUARIOS (ID,PASSWORD, ROL) values ('38','RgLqU0U', 'REPRESENTANTE');
Insert into ISIS2304B121720.USUARIOS (ID,PASSWORD, ROL) values ('39','GFZ9LR', 'REPRESENTANTE');
Insert into ISIS2304B121720.USUARIOS (ID,PASSWORD, ROL) values ('40','GFZ9LRdew', 'REPRESENTANTE');
commit;
REM INSERTING into ISIS2304B121720.USUARIOS
SET DEFINE OFF;
Insert into ISIS2304B121720.USUARIOS (ID,PASSWORD, ROL) values ('101', null, 'CLIENTE');
Insert into ISIS2304B121720.USUARIOS (ID,PASSWORD, ROL) values ('102', null, 'CLIENTE');
Insert into ISIS2304B121720.USUARIOS (ID,PASSWORD, ROL) values ('103', null, 'CLIENTE');
Insert into ISIS2304B121720.USUARIOS (ID,PASSWORD, ROL) values ('104', null, 'CLIENTE');
Insert into ISIS2304B121720.USUARIOS (ID,PASSWORD, ROL) values ('105', null, 'CLIENTE');
Insert into ISIS2304B121720.USUARIOS (ID,PASSWORD, ROL) values ('106', 'HKho2Fh', 'CLIENTEFRECUENTE');
Insert into ISIS2304B121720.USUARIOS (ID,PASSWORD, ROL) values ('107', '0lHuJDAQ7vu', 'CLIENTEFRECUENTE');
Insert into ISIS2304B121720.USUARIOS (ID,PASSWORD, ROL) values ('108', 'zuhjJE', 'CLIENTEFRECUENTE');
Insert into ISIS2304B121720.USUARIOS (ID,PASSWORD, ROL) values ('109', 'oIokrDrLn', 'CLIENTEFRECUENTE');
Insert into ISIS2304B121720.USUARIOS (ID,PASSWORD, ROL) values ('110', 'supNLWqKhceo', 'CLIENTEFRECUENTE');
Insert into ISIS2304B121720.USUARIOS (ID,PASSWORD, ROL) values ('111', 'Keta2ySkBl3A', 'CLIENTEFRECUENTE');
Insert into ISIS2304B121720.USUARIOS (ID,PASSWORD, ROL) values ('112', '8UeH4NuO', 'CLIENTEFRECUENTE');
Insert into ISIS2304B121720.USUARIOS (ID,PASSWORD, ROL) values ('113', 'emKTEiQWeop', 'CLIENTEFRECUENTE');
Insert into ISIS2304B121720.USUARIOS (ID,PASSWORD, ROL) values ('114', 'Ku4cAN', 'CLIENTEFRECUENTE');
Insert into ISIS2304B121720.USUARIOS (ID,PASSWORD, ROL) values ('115', 'Gma0ZXbaYN3P', 'CLIENTEFRECUENTE');
Insert into ISIS2304B121720.USUARIOS (ID,PASSWORD, ROL) values ('116', 'ASTdGsKoXsR', 'CLIENTEFRECUENTE');
Insert into ISIS2304B121720.USUARIOS (ID,PASSWORD, ROL) values ('117', '5Dapbwfz', 'CLIENTEFRECUENTE');
Insert into ISIS2304B121720.USUARIOS (ID,PASSWORD, ROL) values ('118', 'Hct2pviwqdV', 'CLIENTEFRECUENTE');
Insert into ISIS2304B121720.USUARIOS (ID,PASSWORD, ROL) values ('119', 'Y6xSS9AMth', 'CLIENTEFRECUENTE');
Insert into ISIS2304B121720.USUARIOS (ID,PASSWORD, ROL) values ('120', 'HikqsI', 'CLIENTEFRECUENTE');
Insert into ISIS2304B121720.USUARIOS (ID,PASSWORD, ROL) values ('121', 'BV1BmpENm', 'CLIENTEFRECUENTE');
Insert into ISIS2304B121720.USUARIOS (ID,PASSWORD, ROL) values ('122', 'fHvBby8JfxD', 'CLIENTEFRECUENTE');
Insert into ISIS2304B121720.USUARIOS (ID,PASSWORD, ROL) values ('123', 'srBgW5N84a8B', 'CLIENTEFRECUENTE');
Insert into ISIS2304B121720.USUARIOS (ID,PASSWORD, ROL) values ('124', 'FayCAtE4x', 'CLIENTEFRECUENTE');
Insert into ISIS2304B121720.USUARIOS (ID,PASSWORD, ROL) values ('125', 'hxVo3yLA9', 'CLIENTEFRECUENTE');
Insert into ISIS2304B121720.USUARIOS (ID,PASSWORD, ROL) values ('126', null, 'CLIENTE');
Insert into ISIS2304B121720.USUARIOS (ID,PASSWORD, ROL) values ('127', null, 'CLIENTE');
Insert into ISIS2304B121720.USUARIOS (ID,PASSWORD, ROL) values ('128', null, 'CLIENTE');
Insert into ISIS2304B121720.USUARIOS (ID,PASSWORD, ROL) values ('129', null, 'CLIENTE');
Insert into ISIS2304B121720.USUARIOS (ID,PASSWORD, ROL) values ('130', null, 'CLIENTE');
Insert into ISIS2304B121720.USUARIOS (ID,PASSWORD, ROL) values ('131', null, 'CLIENTE');
Insert into ISIS2304B121720.USUARIOS (ID,PASSWORD, ROL) values ('132', null, 'CLIENTE');
Insert into ISIS2304B121720.USUARIOS (ID,PASSWORD, ROL) values ('133', null, 'CLIENTE');
Insert into ISIS2304B121720.USUARIOS (ID,PASSWORD, ROL) values ('134', null, 'CLIENTE');
Insert into ISIS2304B121720.USUARIOS (ID,PASSWORD, ROL) values ('135', null, 'CLIENTE');
Insert into ISIS2304B121720.USUARIOS (ID,PASSWORD, ROL) values ('136', null, 'CLIENTE');
Insert into ISIS2304B121720.USUARIOS (ID,PASSWORD, ROL) values ('137', null, 'CLIENTE');
Insert into ISIS2304B121720.USUARIOS (ID,PASSWORD, ROL) values ('138', null, 'CLIENTE');
Insert into ISIS2304B121720.USUARIOS (ID,PASSWORD, ROL) values ('139', null, 'CLIENTE');
Insert into ISIS2304B121720.USUARIOS (ID,PASSWORD, ROL) values ('140', null, 'CLIENTE');
commit;

REM INSERTING into ISIS2304B121720.ZONAS
SET DEFINE OFF;
Insert into ISIS2304B121720.ZONAS (ID,NAME,ESPACIO_ABIERTO,CAPACIDAD,INCLUYENTE) values ('1','volutpat','1','711','1');
Insert into ISIS2304B121720.ZONAS (ID,NAME,ESPACIO_ABIERTO,CAPACIDAD,INCLUYENTE) values ('2','est lacinia','1','935','0');
Insert into ISIS2304B121720.ZONAS (ID,NAME,ESPACIO_ABIERTO,CAPACIDAD,INCLUYENTE) values ('3','habitasse platea','0','578','1');
Insert into ISIS2304B121720.ZONAS (ID,NAME,ESPACIO_ABIERTO,CAPACIDAD,INCLUYENTE) values ('4','libero','1','924','1');
Insert into ISIS2304B121720.ZONAS (ID,NAME,ESPACIO_ABIERTO,CAPACIDAD,INCLUYENTE) values ('5','sed','0','917','0');
Insert into ISIS2304B121720.ZONAS (ID,NAME,ESPACIO_ABIERTO,CAPACIDAD,INCLUYENTE) values ('6','in','0','191','0');
Insert into ISIS2304B121720.ZONAS (ID,NAME,ESPACIO_ABIERTO,CAPACIDAD,INCLUYENTE) values ('7','consectetuer adipiscing','1','870','1');
Insert into ISIS2304B121720.ZONAS (ID,NAME,ESPACIO_ABIERTO,CAPACIDAD,INCLUYENTE) values ('8','congue etiam','1','935','0');
Insert into ISIS2304B121720.ZONAS (ID,NAME,ESPACIO_ABIERTO,CAPACIDAD,INCLUYENTE) values ('9','justo','0','2','1');
Insert into ISIS2304B121720.ZONAS (ID,NAME,ESPACIO_ABIERTO,CAPACIDAD,INCLUYENTE) values ('10','sit','0','30','0');
Insert into ISIS2304B121720.ZONAS (ID,NAME,ESPACIO_ABIERTO,CAPACIDAD,INCLUYENTE) values ('11','sapien non','1','386','1');
Insert into ISIS2304B121720.ZONAS (ID,NAME,ESPACIO_ABIERTO,CAPACIDAD,INCLUYENTE) values ('12','elementum ligula','1','757','0');
Insert into ISIS2304B121720.ZONAS (ID,NAME,ESPACIO_ABIERTO,CAPACIDAD,INCLUYENTE) values ('13','in tempor','1','726','0');
Insert into ISIS2304B121720.ZONAS (ID,NAME,ESPACIO_ABIERTO,CAPACIDAD,INCLUYENTE) values ('14','vel pede','0','671','1');
Insert into ISIS2304B121720.ZONAS (ID,NAME,ESPACIO_ABIERTO,CAPACIDAD,INCLUYENTE) values ('15','nullam','1','490','0');
Insert into ISIS2304B121720.ZONAS (ID,NAME,ESPACIO_ABIERTO,CAPACIDAD,INCLUYENTE) values ('16','eget','0','189','1');
Insert into ISIS2304B121720.ZONAS (ID,NAME,ESPACIO_ABIERTO,CAPACIDAD,INCLUYENTE) values ('17','posuere cubilia','1','198','0');
Insert into ISIS2304B121720.ZONAS (ID,NAME,ESPACIO_ABIERTO,CAPACIDAD,INCLUYENTE) values ('18','ut','1','680','0');
Insert into ISIS2304B121720.ZONAS (ID,NAME,ESPACIO_ABIERTO,CAPACIDAD,INCLUYENTE) values ('19','purus','0','281','0');
Insert into ISIS2304B121720.ZONAS (ID,NAME,ESPACIO_ABIERTO,CAPACIDAD,INCLUYENTE) values ('20','enim sit','1','648','1');
Insert into ISIS2304B121720.ZONAS (ID,NAME,ESPACIO_ABIERTO,CAPACIDAD,INCLUYENTE) values ('21','congue vivamus','1','145','0');
Insert into ISIS2304B121720.ZONAS (ID,NAME,ESPACIO_ABIERTO,CAPACIDAD,INCLUYENTE) values ('22','cras','1','607','0');
Insert into ISIS2304B121720.ZONAS (ID,NAME,ESPACIO_ABIERTO,CAPACIDAD,INCLUYENTE) values ('23','faucibus','0','616','0');
Insert into ISIS2304B121720.ZONAS (ID,NAME,ESPACIO_ABIERTO,CAPACIDAD,INCLUYENTE) values ('24','pulvinar','0','312','1');
Insert into ISIS2304B121720.ZONAS (ID,NAME,ESPACIO_ABIERTO,CAPACIDAD,INCLUYENTE) values ('25','nisl','1','562','1');
Insert into ISIS2304B121720.ZONAS (ID,NAME,ESPACIO_ABIERTO,CAPACIDAD,INCLUYENTE) values ('26','id consequat','1','708','0');
Insert into ISIS2304B121720.ZONAS (ID,NAME,ESPACIO_ABIERTO,CAPACIDAD,INCLUYENTE) values ('27','nam congue','1','526','1');
Insert into ISIS2304B121720.ZONAS (ID,NAME,ESPACIO_ABIERTO,CAPACIDAD,INCLUYENTE) values ('28','nulla','1','561','1');
Insert into ISIS2304B121720.ZONAS (ID,NAME,ESPACIO_ABIERTO,CAPACIDAD,INCLUYENTE) values ('29','non','0','249','0');
Insert into ISIS2304B121720.ZONAS (ID,NAME,ESPACIO_ABIERTO,CAPACIDAD,INCLUYENTE) values ('30','nulla','1','855','0');
Insert into ISIS2304B121720.ZONAS (ID,NAME,ESPACIO_ABIERTO,CAPACIDAD,INCLUYENTE) values ('31','in','1','812','1');
Insert into ISIS2304B121720.ZONAS (ID,NAME,ESPACIO_ABIERTO,CAPACIDAD,INCLUYENTE) values ('32','lectus','0','771','1');
Insert into ISIS2304B121720.ZONAS (ID,NAME,ESPACIO_ABIERTO,CAPACIDAD,INCLUYENTE) values ('33','blandit ultrices','1','730','1');
Insert into ISIS2304B121720.ZONAS (ID,NAME,ESPACIO_ABIERTO,CAPACIDAD,INCLUYENTE) values ('34','quis justo','1','777','0');
Insert into ISIS2304B121720.ZONAS (ID,NAME,ESPACIO_ABIERTO,CAPACIDAD,INCLUYENTE) values ('35','lacus','1','620','0');
Insert into ISIS2304B121720.ZONAS (ID,NAME,ESPACIO_ABIERTO,CAPACIDAD,INCLUYENTE) values ('36','justo','1','907','1');
Insert into ISIS2304B121720.ZONAS (ID,NAME,ESPACIO_ABIERTO,CAPACIDAD,INCLUYENTE) values ('37','in congue','1','6','0');
Insert into ISIS2304B121720.ZONAS (ID,NAME,ESPACIO_ABIERTO,CAPACIDAD,INCLUYENTE) values ('38','in leo','0','128','0');
Insert into ISIS2304B121720.ZONAS (ID,NAME,ESPACIO_ABIERTO,CAPACIDAD,INCLUYENTE) values ('39','ut at','0','186','0');
Insert into ISIS2304B121720.ZONAS (ID,NAME,ESPACIO_ABIERTO,CAPACIDAD,INCLUYENTE) values ('40','nulla suscipit','0','20','1');
commit;



REM INSERTING into ISIS2304B121720.MESAS
SET DEFINE OFF;
Insert into ISIS2304B121720.MESAS (ID, IDZONA) values ('1','1');
Insert into ISIS2304B121720.MESAS (ID, IDZONA) values ('2','1');
Insert into ISIS2304B121720.MESAS (ID, IDZONA) values ('3','1');
Insert into ISIS2304B121720.MESAS (ID, IDZONA) values ('4','1');
Insert into ISIS2304B121720.MESAS (ID, IDZONA) values ('5','1');
Insert into ISIS2304B121720.MESAS (ID, IDZONA) values ('6','1');
Insert into ISIS2304B121720.MESAS (ID, IDZONA) values ('7','1');
Insert into ISIS2304B121720.MESAS (ID, IDZONA) values ('8','1');
Insert into ISIS2304B121720.MESAS (ID, IDZONA) values ('9','1');
Insert into ISIS2304B121720.MESAS (ID, IDZONA) values ('10','2');
Insert into ISIS2304B121720.MESAS (ID, IDZONA) values ('11','2');
Insert into ISIS2304B121720.MESAS (ID, IDZONA) values ('12','2');
Insert into ISIS2304B121720.MESAS (ID, IDZONA) values ('13','2');
Insert into ISIS2304B121720.MESAS (ID, IDZONA) values ('14','2');
Insert into ISIS2304B121720.MESAS (ID, IDZONA) values ('15','2');
Insert into ISIS2304B121720.MESAS (ID, IDZONA) values ('16','2');
Insert into ISIS2304B121720.MESAS (ID, IDZONA) values ('17','2');
Insert into ISIS2304B121720.MESAS (ID, IDZONA) values ('18','2');
Insert into ISIS2304B121720.MESAS (ID, IDZONA) values ('19','2');
Insert into ISIS2304B121720.MESAS (ID, IDZONA) values ('20','3');
Insert into ISIS2304B121720.MESAS (ID, IDZONA) values ('21','3');
Insert into ISIS2304B121720.MESAS (ID, IDZONA) values ('22','3');
Insert into ISIS2304B121720.MESAS (ID, IDZONA) values ('23','3');
Insert into ISIS2304B121720.MESAS (ID, IDZONA) values ('24','3');
Insert into ISIS2304B121720.MESAS (ID, IDZONA) values ('25','3');
Insert into ISIS2304B121720.MESAS (ID, IDZONA) values ('26','3');
Insert into ISIS2304B121720.MESAS (ID, IDZONA) values ('27','3');
Insert into ISIS2304B121720.MESAS (ID, IDZONA) values ('28','3');
Insert into ISIS2304B121720.MESAS (ID, IDZONA) values ('29','3');
Insert into ISIS2304B121720.MESAS (ID, IDZONA) values ('30','4');
Insert into ISIS2304B121720.MESAS (ID, IDZONA) values ('31','4');
Insert into ISIS2304B121720.MESAS (ID, IDZONA) values ('32','4');
Insert into ISIS2304B121720.MESAS (ID, IDZONA) values ('33','4');
Insert into ISIS2304B121720.MESAS (ID, IDZONA) values ('34','4');
Insert into ISIS2304B121720.MESAS (ID, IDZONA) values ('35','4');
Insert into ISIS2304B121720.MESAS (ID, IDZONA) values ('36','4');
Insert into ISIS2304B121720.MESAS (ID, IDZONA) values ('37','4');
Insert into ISIS2304B121720.MESAS (ID, IDZONA) values ('38','4');
Insert into ISIS2304B121720.MESAS (ID, IDZONA) values ('39','4');
Insert into ISIS2304B121720.MESAS (ID, IDZONA) values ('40','5');
Insert into ISIS2304B121720.MESAS (ID, IDZONA) values ('41','5');
Insert into ISIS2304B121720.MESAS (ID, IDZONA) values ('42','5');
Insert into ISIS2304B121720.MESAS (ID, IDZONA) values ('43','5');
Insert into ISIS2304B121720.MESAS (ID, IDZONA) values ('44','5');
Insert into ISIS2304B121720.MESAS (ID, IDZONA) values ('45','5');
Insert into ISIS2304B121720.MESAS (ID, IDZONA) values ('46','5');
Insert into ISIS2304B121720.MESAS (ID, IDZONA) values ('47','5');
Insert into ISIS2304B121720.MESAS (ID, IDZONA) values ('48','5');
Insert into ISIS2304B121720.MESAS (ID, IDZONA) values ('49','5');
Insert into ISIS2304B121720.MESAS (ID, IDZONA) values ('50','6');
Insert into ISIS2304B121720.MESAS (ID, IDZONA) values ('51','6');
Insert into ISIS2304B121720.MESAS (ID, IDZONA) values ('52','6');
Insert into ISIS2304B121720.MESAS (ID, IDZONA) values ('53','6');
Insert into ISIS2304B121720.MESAS (ID, IDZONA) values ('54','6');
Insert into ISIS2304B121720.MESAS (ID, IDZONA) values ('55','6');
Insert into ISIS2304B121720.MESAS (ID, IDZONA) values ('56','6');
Insert into ISIS2304B121720.MESAS (ID, IDZONA) values ('57','6');
Insert into ISIS2304B121720.MESAS (ID, IDZONA) values ('58','6');
Insert into ISIS2304B121720.MESAS (ID, IDZONA) values ('59','6');

commit;


REM INSERTING into ISIS2304B121720.CLIENTES
SET DEFINE OFF;
Insert into ISIS2304B121720.CLIENTES (ID,NAME,IDMESA, ESCLIENTEFRECUENTE) values ('101','Annabell Northin','1', '0');
Insert into ISIS2304B121720.CLIENTES (ID,NAME,IDMESA, ESCLIENTEFRECUENTE) values ('102','Briny Clipsham','1', '0');
Insert into ISIS2304B121720.CLIENTES (ID,NAME,IDMESA, ESCLIENTEFRECUENTE) values ('103','Rutger Coundley','2', '0');
Insert into ISIS2304B121720.CLIENTES (ID,NAME,IDMESA, ESCLIENTEFRECUENTE) values ('104','Marjorie Quantick','3', '0');
Insert into ISIS2304B121720.CLIENTES (ID,NAME,IDMESA, ESCLIENTEFRECUENTE) values ('105','Leoline Feronet','4', '0');
Insert into ISIS2304B121720.CLIENTES (ID,NAME,IDMESA, ESCLIENTEFRECUENTE) values ('106','Moses Arnfield','4', '1');
Insert into ISIS2304B121720.CLIENTES (ID,NAME,IDMESA, ESCLIENTEFRECUENTE) values ('107','Sigfried Donat','4', '1');
Insert into ISIS2304B121720.CLIENTES (ID,NAME,IDMESA, ESCLIENTEFRECUENTE) values ('108','Steffi Wegenen','5', '1');
Insert into ISIS2304B121720.CLIENTES (ID,NAME,IDMESA, ESCLIENTEFRECUENTE) values ('109','Rory Maffione','6', '1');
Insert into ISIS2304B121720.CLIENTES (ID,NAME,IDMESA, ESCLIENTEFRECUENTE) values ('110','Randolf Sparkwill','6', '1');
Insert into ISIS2304B121720.CLIENTES (ID,NAME,IDMESA, ESCLIENTEFRECUENTE) values ('111','Ernesto Alford','7', '1');
Insert into ISIS2304B121720.CLIENTES (ID,NAME,IDMESA, ESCLIENTEFRECUENTE) values ('112','Barde Greenroa','7', '1');
Insert into ISIS2304B121720.CLIENTES (ID,NAME,IDMESA, ESCLIENTEFRECUENTE) values ('113','Veronique Menico','7', '1');
Insert into ISIS2304B121720.CLIENTES (ID,NAME,IDMESA, ESCLIENTEFRECUENTE) values ('114','Anatola Olechnowicz','8', '1');
Insert into ISIS2304B121720.CLIENTES (ID,NAME,IDMESA, ESCLIENTEFRECUENTE) values ('115','Rici Chivers','8', '1');
Insert into ISIS2304B121720.CLIENTES (ID,NAME,IDMESA, ESCLIENTEFRECUENTE) values ('116','Corinne Beste','8', '1');
Insert into ISIS2304B121720.CLIENTES (ID,NAME,IDMESA, ESCLIENTEFRECUENTE) values ('117','Tedi Grocott','9', '1');
Insert into ISIS2304B121720.CLIENTES (ID,NAME,IDMESA, ESCLIENTEFRECUENTE) values ('118','Kaila Ranyard','9', '1');
Insert into ISIS2304B121720.CLIENTES (ID,NAME,IDMESA, ESCLIENTEFRECUENTE) values ('119','Jessi Mariette','10', '1');
Insert into ISIS2304B121720.CLIENTES (ID,NAME,IDMESA, ESCLIENTEFRECUENTE) values ('120','Raeann Malsher','11', '1');
Insert into ISIS2304B121720.CLIENTES (ID,NAME,IDMESA, ESCLIENTEFRECUENTE) values ('121','Griffin Durdy','12', '1');
Insert into ISIS2304B121720.CLIENTES (ID,NAME,IDMESA, ESCLIENTEFRECUENTE) values ('122','Margaux Massenhove','13', '1');
Insert into ISIS2304B121720.CLIENTES (ID,NAME,IDMESA, ESCLIENTEFRECUENTE) values ('123','Tandie Fetherby','14', '1');
Insert into ISIS2304B121720.CLIENTES (ID,NAME,IDMESA, ESCLIENTEFRECUENTE) values ('124','Celestyn Ecles','15', '1');
Insert into ISIS2304B121720.CLIENTES (ID,NAME,IDMESA, ESCLIENTEFRECUENTE) values ('125','Babs McCathie','16', '1');
Insert into ISIS2304B121720.CLIENTES (ID,NAME,IDMESA, ESCLIENTEFRECUENTE) values ('126','Jolene MacDearmaid','17', '0');
Insert into ISIS2304B121720.CLIENTES (ID,NAME,IDMESA, ESCLIENTEFRECUENTE) values ('127','Eunice Mallabon','18', '0');
Insert into ISIS2304B121720.CLIENTES (ID,NAME,IDMESA, ESCLIENTEFRECUENTE) values ('128','Shurwood Gollard','19', '0');
Insert into ISIS2304B121720.CLIENTES (ID,NAME,IDMESA, ESCLIENTEFRECUENTE) values ('129','Justinn Dudny','20', '0');
Insert into ISIS2304B121720.CLIENTES (ID,NAME,IDMESA, ESCLIENTEFRECUENTE) values ('130','Pammie Dods','21', '0');
Insert into ISIS2304B121720.CLIENTES (ID,NAME,IDMESA, ESCLIENTEFRECUENTE) values ('131','Pavia Emtage','21', '0');
Insert into ISIS2304B121720.CLIENTES (ID,NAME,IDMESA, ESCLIENTEFRECUENTE) values ('132','Cammy Tace','23', '0');
Insert into ISIS2304B121720.CLIENTES (ID,NAME,IDMESA, ESCLIENTEFRECUENTE) values ('133','Sheena St. Quintin','27', '0');
Insert into ISIS2304B121720.CLIENTES (ID,NAME,IDMESA, ESCLIENTEFRECUENTE) values ('134','Bernie Smardon','33', '0');
Insert into ISIS2304B121720.CLIENTES (ID,NAME,IDMESA, ESCLIENTEFRECUENTE) values ('135','Stevy Abrahim','36', '0');
Insert into ISIS2304B121720.CLIENTES (ID,NAME,IDMESA, ESCLIENTEFRECUENTE) values ('136','Dodi Kauble','37', '0');
Insert into ISIS2304B121720.CLIENTES (ID,NAME,IDMESA, ESCLIENTEFRECUENTE) values ('137','Archibald Durward','40', '0');
Insert into ISIS2304B121720.CLIENTES (ID,NAME,IDMESA, ESCLIENTEFRECUENTE) values ('138','Tibold Buffery','41', '0');
Insert into ISIS2304B121720.CLIENTES (ID,NAME,IDMESA, ESCLIENTEFRECUENTE) values ('139','Hebert Ponten','42', '0');
Insert into ISIS2304B121720.CLIENTES (ID,NAME,IDMESA, ESCLIENTEFRECUENTE) values ('140','Milissent Kenzie','50', '0');
commit;

REM INSERTING into ISIS2304B121720.CONDICIONESTECNICAS
SET DEFINE OFF;
Insert into ISIS2304B121720.CONDICIONESTECNICAS (ID,NAME) values ('1','pellentesque');
Insert into ISIS2304B121720.CONDICIONESTECNICAS (ID,NAME) values ('2','nulla elit ac');
Insert into ISIS2304B121720.CONDICIONESTECNICAS (ID,NAME) values ('3','at velit eu');
Insert into ISIS2304B121720.CONDICIONESTECNICAS (ID,NAME) values ('4','pede ullamcorper');
Insert into ISIS2304B121720.CONDICIONESTECNICAS (ID,NAME) values ('5','suspendisse');
Insert into ISIS2304B121720.CONDICIONESTECNICAS (ID,NAME) values ('6','viverra pede ac');
Insert into ISIS2304B121720.CONDICIONESTECNICAS (ID,NAME) values ('7','odio justo');
Insert into ISIS2304B121720.CONDICIONESTECNICAS (ID,NAME) values ('8','donec');
Insert into ISIS2304B121720.CONDICIONESTECNICAS (ID,NAME) values ('9','quam a');
Insert into ISIS2304B121720.CONDICIONESTECNICAS (ID,NAME) values ('10','adipiscing');
Insert into ISIS2304B121720.CONDICIONESTECNICAS (ID,NAME) values ('11','tortor');
Insert into ISIS2304B121720.CONDICIONESTECNICAS (ID,NAME) values ('12','sodales scelerisque mauris');
Insert into ISIS2304B121720.CONDICIONESTECNICAS (ID,NAME) values ('13','at');
Insert into ISIS2304B121720.CONDICIONESTECNICAS (ID,NAME) values ('14','enim');
Insert into ISIS2304B121720.CONDICIONESTECNICAS (ID,NAME) values ('15','nisl venenatis');
Insert into ISIS2304B121720.CONDICIONESTECNICAS (ID,NAME) values ('16','mi integer');
Insert into ISIS2304B121720.CONDICIONESTECNICAS (ID,NAME) values ('17','etiam');
Insert into ISIS2304B121720.CONDICIONESTECNICAS (ID,NAME) values ('18','dui nec nisi');
Insert into ISIS2304B121720.CONDICIONESTECNICAS (ID,NAME) values ('19','justo in');
Insert into ISIS2304B121720.CONDICIONESTECNICAS (ID,NAME) values ('20','maecenas ut massa');
Insert into ISIS2304B121720.CONDICIONESTECNICAS (ID,NAME) values ('21','primis in');
Insert into ISIS2304B121720.CONDICIONESTECNICAS (ID,NAME) values ('22','pretium');
Insert into ISIS2304B121720.CONDICIONESTECNICAS (ID,NAME) values ('23','curabitur convallis duis');
Insert into ISIS2304B121720.CONDICIONESTECNICAS (ID,NAME) values ('24','sagittis sapien cum');
Insert into ISIS2304B121720.CONDICIONESTECNICAS (ID,NAME) values ('25','nulla ac enim');
Insert into ISIS2304B121720.CONDICIONESTECNICAS (ID,NAME) values ('26','libero');
Insert into ISIS2304B121720.CONDICIONESTECNICAS (ID,NAME) values ('27','lectus in quam');
Insert into ISIS2304B121720.CONDICIONESTECNICAS (ID,NAME) values ('28','odio consequat');
Insert into ISIS2304B121720.CONDICIONESTECNICAS (ID,NAME) values ('29','eget');
Insert into ISIS2304B121720.CONDICIONESTECNICAS (ID,NAME) values ('30','et eros');
Insert into ISIS2304B121720.CONDICIONESTECNICAS (ID,NAME) values ('31','vestibulum vestibulum ante');
Insert into ISIS2304B121720.CONDICIONESTECNICAS (ID,NAME) values ('32','sit');
Insert into ISIS2304B121720.CONDICIONESTECNICAS (ID,NAME) values ('33','diam in magna');
Insert into ISIS2304B121720.CONDICIONESTECNICAS (ID,NAME) values ('34','in');
Insert into ISIS2304B121720.CONDICIONESTECNICAS (ID,NAME) values ('35','bibendum felis');
Insert into ISIS2304B121720.CONDICIONESTECNICAS (ID,NAME) values ('36','eget massa tempor');
Insert into ISIS2304B121720.CONDICIONESTECNICAS (ID,NAME) values ('37','erat curabitur gravida');
Insert into ISIS2304B121720.CONDICIONESTECNICAS (ID,NAME) values ('38','viverra');
Insert into ISIS2304B121720.CONDICIONESTECNICAS (ID,NAME) values ('39','fusce');
Insert into ISIS2304B121720.CONDICIONESTECNICAS (ID,NAME) values ('40','amet');
commit;
REM INSERTING into ISIS2304B121720.CONDICIONZONA
SET DEFINE OFF;
Insert into ISIS2304B121720.CONDICIONZONA (ID_ZONA,ID_CONDICION) values ('4','39');
Insert into ISIS2304B121720.CONDICIONZONA (ID_ZONA,ID_CONDICION) values ('5','7');
Insert into ISIS2304B121720.CONDICIONZONA (ID_ZONA,ID_CONDICION) values ('6','27');
Insert into ISIS2304B121720.CONDICIONZONA (ID_ZONA,ID_CONDICION) values ('7','27');
Insert into ISIS2304B121720.CONDICIONZONA (ID_ZONA,ID_CONDICION) values ('10','34');
Insert into ISIS2304B121720.CONDICIONZONA (ID_ZONA,ID_CONDICION) values ('14','21');
Insert into ISIS2304B121720.CONDICIONZONA (ID_ZONA,ID_CONDICION) values ('15','37');
Insert into ISIS2304B121720.CONDICIONZONA (ID_ZONA,ID_CONDICION) values ('22','15');
Insert into ISIS2304B121720.CONDICIONZONA (ID_ZONA,ID_CONDICION) values ('25','8');
Insert into ISIS2304B121720.CONDICIONZONA (ID_ZONA,ID_CONDICION) values ('25','34');
Insert into ISIS2304B121720.CONDICIONZONA (ID_ZONA,ID_CONDICION) values ('26','19');
Insert into ISIS2304B121720.CONDICIONZONA (ID_ZONA,ID_CONDICION) values ('27','26');
Insert into ISIS2304B121720.CONDICIONZONA (ID_ZONA,ID_CONDICION) values ('31','37');
Insert into ISIS2304B121720.CONDICIONZONA (ID_ZONA,ID_CONDICION) values ('32','5');
Insert into ISIS2304B121720.CONDICIONZONA (ID_ZONA,ID_CONDICION) values ('32','20');
Insert into ISIS2304B121720.CONDICIONZONA (ID_ZONA,ID_CONDICION) values ('35','6');
Insert into ISIS2304B121720.CONDICIONZONA (ID_ZONA,ID_CONDICION) values ('35','37');
Insert into ISIS2304B121720.CONDICIONZONA (ID_ZONA,ID_CONDICION) values ('36','26');
Insert into ISIS2304B121720.CONDICIONZONA (ID_ZONA,ID_CONDICION) values ('36','29');
Insert into ISIS2304B121720.CONDICIONZONA (ID_ZONA,ID_CONDICION) values ('37','21');
commit;
REM INSERTING into ISIS2304B121720.INGREDIENTES
SET DEFINE OFF;
Insert into ISIS2304B121720.INGREDIENTES (ID,NAME,DESCRIPCION,DESCRIPTION,CANTIDAD_DISPONIBLE) values ('1','Suckling Clover','primis in faucibus','in magna bibendum','502');
Insert into ISIS2304B121720.INGREDIENTES (ID,NAME,DESCRIPCION,DESCRIPTION,CANTIDAD_DISPONIBLE) values ('2','Urn Gum','aliquam non','placerat praesent blandit','37');
Insert into ISIS2304B121720.INGREDIENTES (ID,NAME,DESCRIPCION,DESCRIPTION,CANTIDAD_DISPONIBLE) values ('3','Sprawling Hoarypea','eros','dapibus duis at','598');
Insert into ISIS2304B121720.INGREDIENTES (ID,NAME,DESCRIPCION,DESCRIPTION,CANTIDAD_DISPONIBLE) values ('4','Caribbean Milkweed','ultrices','faucibus orci','932');
Insert into ISIS2304B121720.INGREDIENTES (ID,NAME,DESCRIPCION,DESCRIPTION,CANTIDAD_DISPONIBLE) values ('5','Tidestrom''s Lupine','orci nullam molestie','nunc proin at','199');
Insert into ISIS2304B121720.INGREDIENTES (ID,NAME,DESCRIPCION,DESCRIPTION,CANTIDAD_DISPONIBLE) values ('6','Cup Lichen','proin','consequat varius integer','160');
Insert into ISIS2304B121720.INGREDIENTES (ID,NAME,DESCRIPCION,DESCRIPTION,CANTIDAD_DISPONIBLE) values ('7','Grimmia Dry Rock Moss','nulla','enim','107');
Insert into ISIS2304B121720.INGREDIENTES (ID,NAME,DESCRIPCION,DESCRIPTION,CANTIDAD_DISPONIBLE) values ('8','Platydictya Moss','id consequat','in porttitor','269');
Insert into ISIS2304B121720.INGREDIENTES (ID,NAME,DESCRIPCION,DESCRIPTION,CANTIDAD_DISPONIBLE) values ('9','Caterpillar Phacelia','posuere cubilia','tincidunt eget tempus','379');
Insert into ISIS2304B121720.INGREDIENTES (ID,NAME,DESCRIPCION,DESCRIPTION,CANTIDAD_DISPONIBLE) values ('10','Trailing Shrubverbena','rhoncus','pharetra magna ac','148');
Insert into ISIS2304B121720.INGREDIENTES (ID,NAME,DESCRIPCION,DESCRIPTION,CANTIDAD_DISPONIBLE) values ('11','Saltbush','non','tortor','671');
Insert into ISIS2304B121720.INGREDIENTES (ID,NAME,DESCRIPCION,DESCRIPTION,CANTIDAD_DISPONIBLE) values ('12','Chinese Rhubarb','erat vestibulum','et','630');
Insert into ISIS2304B121720.INGREDIENTES (ID,NAME,DESCRIPCION,DESCRIPTION,CANTIDAD_DISPONIBLE) values ('13','Oregon Stonecrop','fermentum justo','curabitur in libero','603');
Insert into ISIS2304B121720.INGREDIENTES (ID,NAME,DESCRIPCION,DESCRIPTION,CANTIDAD_DISPONIBLE) values ('14','Thyrea Lichen','lorem id','erat','451');
Insert into ISIS2304B121720.INGREDIENTES (ID,NAME,DESCRIPCION,DESCRIPTION,CANTIDAD_DISPONIBLE) values ('15','Cunjevoi','volutpat dui','curabitur','542');
Insert into ISIS2304B121720.INGREDIENTES (ID,NAME,DESCRIPCION,DESCRIPTION,CANTIDAD_DISPONIBLE) values ('16','Fissure Dot Lichen','platea dictumst morbi','ligula pellentesque','631');
Insert into ISIS2304B121720.INGREDIENTES (ID,NAME,DESCRIPCION,DESCRIPTION,CANTIDAD_DISPONIBLE) values ('17','Disk Waterhyssop','quis lectus suspendisse','tempor','983');
Insert into ISIS2304B121720.INGREDIENTES (ID,NAME,DESCRIPCION,DESCRIPTION,CANTIDAD_DISPONIBLE) values ('18','Comparettia','dui vel sem','porttitor','18');
Insert into ISIS2304B121720.INGREDIENTES (ID,NAME,DESCRIPCION,DESCRIPTION,CANTIDAD_DISPONIBLE) values ('19','Woodbury''s Stopper','leo odio','pretium nisl','537');
Insert into ISIS2304B121720.INGREDIENTES (ID,NAME,DESCRIPCION,DESCRIPTION,CANTIDAD_DISPONIBLE) values ('20','Boise Milkvetch','ornare consequat','dolor morbi','317');
Insert into ISIS2304B121720.INGREDIENTES (ID,NAME,DESCRIPCION,DESCRIPTION,CANTIDAD_DISPONIBLE) values ('21','Lepisorus','nisi','sapien','246');
Insert into ISIS2304B121720.INGREDIENTES (ID,NAME,DESCRIPCION,DESCRIPTION,CANTIDAD_DISPONIBLE) values ('22','Emory''s Milkvetch','felis sed','quisque','561');
Insert into ISIS2304B121720.INGREDIENTES (ID,NAME,DESCRIPCION,DESCRIPTION,CANTIDAD_DISPONIBLE) values ('23','Egyptian Grass','donec dapibus duis','sagittis sapien','23');
Insert into ISIS2304B121720.INGREDIENTES (ID,NAME,DESCRIPCION,DESCRIPTION,CANTIDAD_DISPONIBLE) values ('24','Alyssumleaf Phlox','sapien in sapien','morbi','593');
Insert into ISIS2304B121720.INGREDIENTES (ID,NAME,DESCRIPCION,DESCRIPTION,CANTIDAD_DISPONIBLE) values ('25','Lespedeza','vestibulum','morbi vel','690');
Insert into ISIS2304B121720.INGREDIENTES (ID,NAME,DESCRIPCION,DESCRIPTION,CANTIDAD_DISPONIBLE) values ('26','Littleleaf Ratany','id nulla ultrices','vestibulum ac est','192');
Insert into ISIS2304B121720.INGREDIENTES (ID,NAME,DESCRIPCION,DESCRIPTION,CANTIDAD_DISPONIBLE) values ('27','Whisperingbells','mauris enim leo','praesent lectus vestibulum','51');
Insert into ISIS2304B121720.INGREDIENTES (ID,NAME,DESCRIPCION,DESCRIPTION,CANTIDAD_DISPONIBLE) values ('28','San Jacinto Bluecurls','dignissim vestibulum vestibulum','mauris eget','500');
Insert into ISIS2304B121720.INGREDIENTES (ID,NAME,DESCRIPCION,DESCRIPTION,CANTIDAD_DISPONIBLE) values ('29','Miniature Marigold','nisi','diam','514');
Insert into ISIS2304B121720.INGREDIENTES (ID,NAME,DESCRIPCION,DESCRIPTION,CANTIDAD_DISPONIBLE) values ('30','Santa Fe Milkvetch','consequat ut','a ipsum integer','623');
Insert into ISIS2304B121720.INGREDIENTES (ID,NAME,DESCRIPCION,DESCRIPTION,CANTIDAD_DISPONIBLE) values ('31','Denseflowered Dock','mauris lacinia','nisl','6');
Insert into ISIS2304B121720.INGREDIENTES (ID,NAME,DESCRIPCION,DESCRIPTION,CANTIDAD_DISPONIBLE) values ('32','Silktree','odio','massa id lobortis','803');
Insert into ISIS2304B121720.INGREDIENTES (ID,NAME,DESCRIPCION,DESCRIPTION,CANTIDAD_DISPONIBLE) values ('33','Snow Lichen','quisque','amet consectetuer','351');
Insert into ISIS2304B121720.INGREDIENTES (ID,NAME,DESCRIPCION,DESCRIPTION,CANTIDAD_DISPONIBLE) values ('34','Molokai Colicwood','mattis','ante ipsum primis','519');
Insert into ISIS2304B121720.INGREDIENTES (ID,NAME,DESCRIPCION,DESCRIPTION,CANTIDAD_DISPONIBLE) values ('35','Tumble Lovegrass','tortor risus','varius ut blandit','846');
Insert into ISIS2304B121720.INGREDIENTES (ID,NAME,DESCRIPCION,DESCRIPTION,CANTIDAD_DISPONIBLE) values ('36','Parry Manzanita','a odio in','aliquam erat volutpat','725');
Insert into ISIS2304B121720.INGREDIENTES (ID,NAME,DESCRIPCION,DESCRIPTION,CANTIDAD_DISPONIBLE) values ('37','Ditrichum Moss','in sapien iaculis','semper est','549');
Insert into ISIS2304B121720.INGREDIENTES (ID,NAME,DESCRIPCION,DESCRIPTION,CANTIDAD_DISPONIBLE) values ('38','Yellow-cedar','risus','dapibus duis at','527');
Insert into ISIS2304B121720.INGREDIENTES (ID,NAME,DESCRIPCION,DESCRIPTION,CANTIDAD_DISPONIBLE) values ('39','Eucalyptus','hac','nulla dapibus dolor','433');
Insert into ISIS2304B121720.INGREDIENTES (ID,NAME,DESCRIPCION,DESCRIPTION,CANTIDAD_DISPONIBLE) values ('40','Annual Canarygrass','est et','luctus et','542');
Insert into ISIS2304B121720.INGREDIENTES (ID,NAME,DESCRIPCION,DESCRIPTION,CANTIDAD_DISPONIBLE) values ('41','Browntop','vel accumsan tellus','consequat','482');
Insert into ISIS2304B121720.INGREDIENTES (ID,NAME,DESCRIPCION,DESCRIPTION,CANTIDAD_DISPONIBLE) values ('42','Midget Quillwort','eros','tempus vivamus in','249');
Insert into ISIS2304B121720.INGREDIENTES (ID,NAME,DESCRIPCION,DESCRIPTION,CANTIDAD_DISPONIBLE) values ('43','Yew Plum Pine','nibh','elit proin','81');
Insert into ISIS2304B121720.INGREDIENTES (ID,NAME,DESCRIPCION,DESCRIPTION,CANTIDAD_DISPONIBLE) values ('44','White Rosemallow','sit','augue','695');
Insert into ISIS2304B121720.INGREDIENTES (ID,NAME,DESCRIPCION,DESCRIPTION,CANTIDAD_DISPONIBLE) values ('45','Singapore Graveyard Flower','eget elit','ligula','592');
Insert into ISIS2304B121720.INGREDIENTES (ID,NAME,DESCRIPCION,DESCRIPTION,CANTIDAD_DISPONIBLE) values ('46','Rosewood','suscipit ligula in','in','970');
Insert into ISIS2304B121720.INGREDIENTES (ID,NAME,DESCRIPCION,DESCRIPTION,CANTIDAD_DISPONIBLE) values ('47','Pale Beaksedge','quis','sed vel enim','62');
Insert into ISIS2304B121720.INGREDIENTES (ID,NAME,DESCRIPCION,DESCRIPTION,CANTIDAD_DISPONIBLE) values ('48','Long John','libero rutrum ac','semper','281');
Insert into ISIS2304B121720.INGREDIENTES (ID,NAME,DESCRIPCION,DESCRIPTION,CANTIDAD_DISPONIBLE) values ('49','Brightblue Speedwell','lorem id','eu','178');
Insert into ISIS2304B121720.INGREDIENTES (ID,NAME,DESCRIPCION,DESCRIPTION,CANTIDAD_DISPONIBLE) values ('50','Wine-colored Leather Flower','dictumst','phasellus in','441');
Insert into ISIS2304B121720.INGREDIENTES (ID,NAME,DESCRIPCION,DESCRIPTION,CANTIDAD_DISPONIBLE) values ('51','Golden Larch','eu nibh','suscipit a feugiat','415');
Insert into ISIS2304B121720.INGREDIENTES (ID,NAME,DESCRIPCION,DESCRIPTION,CANTIDAD_DISPONIBLE) values ('52','Crevice Alumroot','quis justo maecenas','ac lobortis vel','334');
Insert into ISIS2304B121720.INGREDIENTES (ID,NAME,DESCRIPCION,DESCRIPTION,CANTIDAD_DISPONIBLE) values ('53','Autumn Dwarf Gentian','vitae nisi','nisl','362');
Insert into ISIS2304B121720.INGREDIENTES (ID,NAME,DESCRIPCION,DESCRIPTION,CANTIDAD_DISPONIBLE) values ('54','Oregon Bentgrass','interdum','et commodo vulputate','534');
Insert into ISIS2304B121720.INGREDIENTES (ID,NAME,DESCRIPCION,DESCRIPTION,CANTIDAD_DISPONIBLE) values ('55','Spiked Bur Grass','diam','odio odio elementum','303');
Insert into ISIS2304B121720.INGREDIENTES (ID,NAME,DESCRIPCION,DESCRIPTION,CANTIDAD_DISPONIBLE) values ('56','Slender Mariposa Lily','luctus cum','in leo','287');
Insert into ISIS2304B121720.INGREDIENTES (ID,NAME,DESCRIPCION,DESCRIPTION,CANTIDAD_DISPONIBLE) values ('57','Black Huckleberry','turpis eget elit','mi','403');
Insert into ISIS2304B121720.INGREDIENTES (ID,NAME,DESCRIPCION,DESCRIPTION,CANTIDAD_DISPONIBLE) values ('58','Rosette Lichen','sapien sapien','iaculis justo in','548');
Insert into ISIS2304B121720.INGREDIENTES (ID,NAME,DESCRIPCION,DESCRIPTION,CANTIDAD_DISPONIBLE) values ('59','Shield Lichen','dui maecenas','turpis integer','859');
Insert into ISIS2304B121720.INGREDIENTES (ID,NAME,DESCRIPCION,DESCRIPTION,CANTIDAD_DISPONIBLE) values ('60','Nevada Rockdaisy','ac','luctus','666');
Insert into ISIS2304B121720.INGREDIENTES (ID,NAME,DESCRIPCION,DESCRIPTION,CANTIDAD_DISPONIBLE) values ('61','Annual Wildrice','ac','in','534');
Insert into ISIS2304B121720.INGREDIENTES (ID,NAME,DESCRIPCION,DESCRIPTION,CANTIDAD_DISPONIBLE) values ('62','Toothedleaf Nitrogen Moss','vel','aliquam','243');
Insert into ISIS2304B121720.INGREDIENTES (ID,NAME,DESCRIPCION,DESCRIPTION,CANTIDAD_DISPONIBLE) values ('63','Horsehair Lichen','tincidunt eu felis','convallis eget','880');
Insert into ISIS2304B121720.INGREDIENTES (ID,NAME,DESCRIPCION,DESCRIPTION,CANTIDAD_DISPONIBLE) values ('64','Mountain Owl''s-clover','volutpat','congue','13');
Insert into ISIS2304B121720.INGREDIENTES (ID,NAME,DESCRIPCION,DESCRIPTION,CANTIDAD_DISPONIBLE) values ('65','Bashful Four O''clock','dui','justo','795');
Insert into ISIS2304B121720.INGREDIENTES (ID,NAME,DESCRIPCION,DESCRIPTION,CANTIDAD_DISPONIBLE) values ('66','Dwarf Chamaesaracha','sapien','dictumst','168');
Insert into ISIS2304B121720.INGREDIENTES (ID,NAME,DESCRIPCION,DESCRIPTION,CANTIDAD_DISPONIBLE) values ('67','Chempedak','tortor id nulla','eget orci vehicula','490');
Insert into ISIS2304B121720.INGREDIENTES (ID,NAME,DESCRIPCION,DESCRIPTION,CANTIDAD_DISPONIBLE) values ('68','Small-leaf Manzanita','curae donec pharetra','eleifend pede','863');
Insert into ISIS2304B121720.INGREDIENTES (ID,NAME,DESCRIPCION,DESCRIPTION,CANTIDAD_DISPONIBLE) values ('69','Lompoc Yerba Santa','commodo vulputate justo','congue elementum in','800');
Insert into ISIS2304B121720.INGREDIENTES (ID,NAME,DESCRIPCION,DESCRIPTION,CANTIDAD_DISPONIBLE) values ('70','Weiser''s Milkvetch','vestibulum','non mi','206');
Insert into ISIS2304B121720.INGREDIENTES (ID,NAME,DESCRIPCION,DESCRIPTION,CANTIDAD_DISPONIBLE) values ('71','Soft Bird''s-beak','potenti nullam','morbi odio','719');
Insert into ISIS2304B121720.INGREDIENTES (ID,NAME,DESCRIPCION,DESCRIPTION,CANTIDAD_DISPONIBLE) values ('72','Siskiyou Beardtongue','diam','tempor turpis','836');
Insert into ISIS2304B121720.INGREDIENTES (ID,NAME,DESCRIPCION,DESCRIPTION,CANTIDAD_DISPONIBLE) values ('73','Lowland Blackberry','integer pede','curae duis','920');
Insert into ISIS2304B121720.INGREDIENTES (ID,NAME,DESCRIPCION,DESCRIPTION,CANTIDAD_DISPONIBLE) values ('74','Sticky Sandspurry','praesent lectus vestibulum','pretium iaculis','366');
Insert into ISIS2304B121720.INGREDIENTES (ID,NAME,DESCRIPCION,DESCRIPTION,CANTIDAD_DISPONIBLE) values ('75','Pomegranate','sodales sed','massa id','584');
Insert into ISIS2304B121720.INGREDIENTES (ID,NAME,DESCRIPCION,DESCRIPTION,CANTIDAD_DISPONIBLE) values ('76','Sticky Brittlebush','viverra eget congue','duis','415');
Insert into ISIS2304B121720.INGREDIENTES (ID,NAME,DESCRIPCION,DESCRIPTION,CANTIDAD_DISPONIBLE) values ('77','Bean','quis turpis eget','id massa','441');
Insert into ISIS2304B121720.INGREDIENTES (ID,NAME,DESCRIPCION,DESCRIPTION,CANTIDAD_DISPONIBLE) values ('78','Lanceleaf Arnica','ultrices','ac','453');
Insert into ISIS2304B121720.INGREDIENTES (ID,NAME,DESCRIPCION,DESCRIPTION,CANTIDAD_DISPONIBLE) values ('79','Rush Broom','in','pede','616');
Insert into ISIS2304B121720.INGREDIENTES (ID,NAME,DESCRIPCION,DESCRIPTION,CANTIDAD_DISPONIBLE) values ('80','Yucca','aliquam sit amet','nec nisi vulputate','709');
Insert into ISIS2304B121720.INGREDIENTES (ID,NAME,DESCRIPCION,DESCRIPTION,CANTIDAD_DISPONIBLE) values ('81','Catchfly','erat id','eu est congue','208');
Insert into ISIS2304B121720.INGREDIENTES (ID,NAME,DESCRIPCION,DESCRIPTION,CANTIDAD_DISPONIBLE) values ('82','Ceara Rubbertree','orci luctus','at','396');
Insert into ISIS2304B121720.INGREDIENTES (ID,NAME,DESCRIPCION,DESCRIPTION,CANTIDAD_DISPONIBLE) values ('83','Fimbry','felis fusce','hendrerit','779');
Insert into ISIS2304B121720.INGREDIENTES (ID,NAME,DESCRIPCION,DESCRIPTION,CANTIDAD_DISPONIBLE) values ('84','Seaside Pussypaws','amet','tortor duis','333');
Insert into ISIS2304B121720.INGREDIENTES (ID,NAME,DESCRIPCION,DESCRIPTION,CANTIDAD_DISPONIBLE) values ('85','Hammock Velvetseed','morbi sem','rhoncus sed vestibulum','110');
Insert into ISIS2304B121720.INGREDIENTES (ID,NAME,DESCRIPCION,DESCRIPTION,CANTIDAD_DISPONIBLE) values ('86','Rusby''s Milkweed','turpis','orci vehicula','477');
Insert into ISIS2304B121720.INGREDIENTES (ID,NAME,DESCRIPCION,DESCRIPTION,CANTIDAD_DISPONIBLE) values ('87','Sea Sedge','imperdiet et commodo','dignissim vestibulum','392');
Insert into ISIS2304B121720.INGREDIENTES (ID,NAME,DESCRIPCION,DESCRIPTION,CANTIDAD_DISPONIBLE) values ('88','Alpine Poppy','gravida nisi','a','965');
Insert into ISIS2304B121720.INGREDIENTES (ID,NAME,DESCRIPCION,DESCRIPTION,CANTIDAD_DISPONIBLE) values ('89','Winter Squash','curae nulla dapibus','vestibulum ante','482');
Insert into ISIS2304B121720.INGREDIENTES (ID,NAME,DESCRIPCION,DESCRIPTION,CANTIDAD_DISPONIBLE) values ('90','Myrtle Willow','praesent id massa','felis fusce','341');
Insert into ISIS2304B121720.INGREDIENTES (ID,NAME,DESCRIPCION,DESCRIPTION,CANTIDAD_DISPONIBLE) values ('91','Plumas Lupine','mauris enim leo','justo in','474');
Insert into ISIS2304B121720.INGREDIENTES (ID,NAME,DESCRIPCION,DESCRIPTION,CANTIDAD_DISPONIBLE) values ('92','Dwarf Checkerbloom','tellus','odio','901');
Insert into ISIS2304B121720.INGREDIENTES (ID,NAME,DESCRIPCION,DESCRIPTION,CANTIDAD_DISPONIBLE) values ('93','Western Coneflower','in','dolor','561');
Insert into ISIS2304B121720.INGREDIENTES (ID,NAME,DESCRIPCION,DESCRIPTION,CANTIDAD_DISPONIBLE) values ('94','Large Camas','consequat dui','hac habitasse','584');
Insert into ISIS2304B121720.INGREDIENTES (ID,NAME,DESCRIPCION,DESCRIPTION,CANTIDAD_DISPONIBLE) values ('95','Arthothelium Lichen','molestie','pede','820');
Insert into ISIS2304B121720.INGREDIENTES (ID,NAME,DESCRIPCION,DESCRIPTION,CANTIDAD_DISPONIBLE) values ('96','Clay Sand Verbena','nisl','semper interdum mauris','610');
Insert into ISIS2304B121720.INGREDIENTES (ID,NAME,DESCRIPCION,DESCRIPTION,CANTIDAD_DISPONIBLE) values ('97','Glandular Phacelia','mauris laoreet','at nulla','401');
Insert into ISIS2304B121720.INGREDIENTES (ID,NAME,DESCRIPCION,DESCRIPTION,CANTIDAD_DISPONIBLE) values ('98','Sanionia Moss','adipiscing molestie hendrerit','a ipsum','244');
Insert into ISIS2304B121720.INGREDIENTES (ID,NAME,DESCRIPCION,DESCRIPTION,CANTIDAD_DISPONIBLE) values ('99','Greene''s Milkvetch','in','egestas metus','711');
Insert into ISIS2304B121720.INGREDIENTES (ID,NAME,DESCRIPCION,DESCRIPTION,CANTIDAD_DISPONIBLE) values ('100','Missouri Goldenrod','eu pede','phasellus id sapien','626');
commit;
REM INSERTING into ISIS2304B121720.INGREDIENTES_PRODUCTO
SET DEFINE OFF;
Insert into ISIS2304B121720.INGREDIENTES_PRODUCTO (ID_PRODUCTO,ID_INGREDIENTE,CANTIDAD) values ('1','100','4');
Insert into ISIS2304B121720.INGREDIENTES_PRODUCTO (ID_PRODUCTO,ID_INGREDIENTE,CANTIDAD) values ('2','99','7');
Insert into ISIS2304B121720.INGREDIENTES_PRODUCTO (ID_PRODUCTO,ID_INGREDIENTE,CANTIDAD) values ('3','98','7');
Insert into ISIS2304B121720.INGREDIENTES_PRODUCTO (ID_PRODUCTO,ID_INGREDIENTE,CANTIDAD) values ('4','97','10');
Insert into ISIS2304B121720.INGREDIENTES_PRODUCTO (ID_PRODUCTO,ID_INGREDIENTE,CANTIDAD) values ('5','96','9');
Insert into ISIS2304B121720.INGREDIENTES_PRODUCTO (ID_PRODUCTO,ID_INGREDIENTE,CANTIDAD) values ('6','95','4');
Insert into ISIS2304B121720.INGREDIENTES_PRODUCTO (ID_PRODUCTO,ID_INGREDIENTE,CANTIDAD) values ('7','94','3');
Insert into ISIS2304B121720.INGREDIENTES_PRODUCTO (ID_PRODUCTO,ID_INGREDIENTE,CANTIDAD) values ('8','93','3');
Insert into ISIS2304B121720.INGREDIENTES_PRODUCTO (ID_PRODUCTO,ID_INGREDIENTE,CANTIDAD) values ('9','92','6');
Insert into ISIS2304B121720.INGREDIENTES_PRODUCTO (ID_PRODUCTO,ID_INGREDIENTE,CANTIDAD) values ('10','91','2');
Insert into ISIS2304B121720.INGREDIENTES_PRODUCTO (ID_PRODUCTO,ID_INGREDIENTE,CANTIDAD) values ('11','90','5');
Insert into ISIS2304B121720.INGREDIENTES_PRODUCTO (ID_PRODUCTO,ID_INGREDIENTE,CANTIDAD) values ('12','89','5');
Insert into ISIS2304B121720.INGREDIENTES_PRODUCTO (ID_PRODUCTO,ID_INGREDIENTE,CANTIDAD) values ('13','88','4');
Insert into ISIS2304B121720.INGREDIENTES_PRODUCTO (ID_PRODUCTO,ID_INGREDIENTE,CANTIDAD) values ('14','87','10');
Insert into ISIS2304B121720.INGREDIENTES_PRODUCTO (ID_PRODUCTO,ID_INGREDIENTE,CANTIDAD) values ('15','86','2');
Insert into ISIS2304B121720.INGREDIENTES_PRODUCTO (ID_PRODUCTO,ID_INGREDIENTE,CANTIDAD) values ('16','85','1');
Insert into ISIS2304B121720.INGREDIENTES_PRODUCTO (ID_PRODUCTO,ID_INGREDIENTE,CANTIDAD) values ('17','84','7');
Insert into ISIS2304B121720.INGREDIENTES_PRODUCTO (ID_PRODUCTO,ID_INGREDIENTE,CANTIDAD) values ('18','83','9');
Insert into ISIS2304B121720.INGREDIENTES_PRODUCTO (ID_PRODUCTO,ID_INGREDIENTE,CANTIDAD) values ('19','82','6');
Insert into ISIS2304B121720.INGREDIENTES_PRODUCTO (ID_PRODUCTO,ID_INGREDIENTE,CANTIDAD) values ('20','81','4');
Insert into ISIS2304B121720.INGREDIENTES_PRODUCTO (ID_PRODUCTO,ID_INGREDIENTE,CANTIDAD) values ('21','80','1');
Insert into ISIS2304B121720.INGREDIENTES_PRODUCTO (ID_PRODUCTO,ID_INGREDIENTE,CANTIDAD) values ('22','79','5');
Insert into ISIS2304B121720.INGREDIENTES_PRODUCTO (ID_PRODUCTO,ID_INGREDIENTE,CANTIDAD) values ('23','78','5');
Insert into ISIS2304B121720.INGREDIENTES_PRODUCTO (ID_PRODUCTO,ID_INGREDIENTE,CANTIDAD) values ('24','77','1');
Insert into ISIS2304B121720.INGREDIENTES_PRODUCTO (ID_PRODUCTO,ID_INGREDIENTE,CANTIDAD) values ('25','76','3');
Insert into ISIS2304B121720.INGREDIENTES_PRODUCTO (ID_PRODUCTO,ID_INGREDIENTE,CANTIDAD) values ('26','75','7');
Insert into ISIS2304B121720.INGREDIENTES_PRODUCTO (ID_PRODUCTO,ID_INGREDIENTE,CANTIDAD) values ('27','74','8');
Insert into ISIS2304B121720.INGREDIENTES_PRODUCTO (ID_PRODUCTO,ID_INGREDIENTE,CANTIDAD) values ('28','73','7');
Insert into ISIS2304B121720.INGREDIENTES_PRODUCTO (ID_PRODUCTO,ID_INGREDIENTE,CANTIDAD) values ('29','72','9');
Insert into ISIS2304B121720.INGREDIENTES_PRODUCTO (ID_PRODUCTO,ID_INGREDIENTE,CANTIDAD) values ('30','71','1');
Insert into ISIS2304B121720.INGREDIENTES_PRODUCTO (ID_PRODUCTO,ID_INGREDIENTE,CANTIDAD) values ('31','70','1');
Insert into ISIS2304B121720.INGREDIENTES_PRODUCTO (ID_PRODUCTO,ID_INGREDIENTE,CANTIDAD) values ('32','69','7');
Insert into ISIS2304B121720.INGREDIENTES_PRODUCTO (ID_PRODUCTO,ID_INGREDIENTE,CANTIDAD) values ('33','68','6');
Insert into ISIS2304B121720.INGREDIENTES_PRODUCTO (ID_PRODUCTO,ID_INGREDIENTE,CANTIDAD) values ('34','67','9');
Insert into ISIS2304B121720.INGREDIENTES_PRODUCTO (ID_PRODUCTO,ID_INGREDIENTE,CANTIDAD) values ('35','66','5');
Insert into ISIS2304B121720.INGREDIENTES_PRODUCTO (ID_PRODUCTO,ID_INGREDIENTE,CANTIDAD) values ('36','65','4');
Insert into ISIS2304B121720.INGREDIENTES_PRODUCTO (ID_PRODUCTO,ID_INGREDIENTE,CANTIDAD) values ('37','64','1');
Insert into ISIS2304B121720.INGREDIENTES_PRODUCTO (ID_PRODUCTO,ID_INGREDIENTE,CANTIDAD) values ('38','63','2');
Insert into ISIS2304B121720.INGREDIENTES_PRODUCTO (ID_PRODUCTO,ID_INGREDIENTE,CANTIDAD) values ('39','62','9');
Insert into ISIS2304B121720.INGREDIENTES_PRODUCTO (ID_PRODUCTO,ID_INGREDIENTE,CANTIDAD) values ('40','61','7');
Insert into ISIS2304B121720.INGREDIENTES_PRODUCTO (ID_PRODUCTO,ID_INGREDIENTE,CANTIDAD) values ('41','60','5');
Insert into ISIS2304B121720.INGREDIENTES_PRODUCTO (ID_PRODUCTO,ID_INGREDIENTE,CANTIDAD) values ('42','59','10');
Insert into ISIS2304B121720.INGREDIENTES_PRODUCTO (ID_PRODUCTO,ID_INGREDIENTE,CANTIDAD) values ('43','58','4');
Insert into ISIS2304B121720.INGREDIENTES_PRODUCTO (ID_PRODUCTO,ID_INGREDIENTE,CANTIDAD) values ('44','57','7');
Insert into ISIS2304B121720.INGREDIENTES_PRODUCTO (ID_PRODUCTO,ID_INGREDIENTE,CANTIDAD) values ('45','56','10');
Insert into ISIS2304B121720.INGREDIENTES_PRODUCTO (ID_PRODUCTO,ID_INGREDIENTE,CANTIDAD) values ('46','55','3');
Insert into ISIS2304B121720.INGREDIENTES_PRODUCTO (ID_PRODUCTO,ID_INGREDIENTE,CANTIDAD) values ('47','54','1');
Insert into ISIS2304B121720.INGREDIENTES_PRODUCTO (ID_PRODUCTO,ID_INGREDIENTE,CANTIDAD) values ('48','53','6');
Insert into ISIS2304B121720.INGREDIENTES_PRODUCTO (ID_PRODUCTO,ID_INGREDIENTE,CANTIDAD) values ('49','52','9');
Insert into ISIS2304B121720.INGREDIENTES_PRODUCTO (ID_PRODUCTO,ID_INGREDIENTE,CANTIDAD) values ('50','51','3');
Insert into ISIS2304B121720.INGREDIENTES_PRODUCTO (ID_PRODUCTO,ID_INGREDIENTE,CANTIDAD) values ('51','50','7');
Insert into ISIS2304B121720.INGREDIENTES_PRODUCTO (ID_PRODUCTO,ID_INGREDIENTE,CANTIDAD) values ('52','49','1');
Insert into ISIS2304B121720.INGREDIENTES_PRODUCTO (ID_PRODUCTO,ID_INGREDIENTE,CANTIDAD) values ('53','48','5');
Insert into ISIS2304B121720.INGREDIENTES_PRODUCTO (ID_PRODUCTO,ID_INGREDIENTE,CANTIDAD) values ('54','47','1');
Insert into ISIS2304B121720.INGREDIENTES_PRODUCTO (ID_PRODUCTO,ID_INGREDIENTE,CANTIDAD) values ('55','46','6');
Insert into ISIS2304B121720.INGREDIENTES_PRODUCTO (ID_PRODUCTO,ID_INGREDIENTE,CANTIDAD) values ('56','45','2');
Insert into ISIS2304B121720.INGREDIENTES_PRODUCTO (ID_PRODUCTO,ID_INGREDIENTE,CANTIDAD) values ('57','44','7');
Insert into ISIS2304B121720.INGREDIENTES_PRODUCTO (ID_PRODUCTO,ID_INGREDIENTE,CANTIDAD) values ('58','43','9');
Insert into ISIS2304B121720.INGREDIENTES_PRODUCTO (ID_PRODUCTO,ID_INGREDIENTE,CANTIDAD) values ('59','42','10');
Insert into ISIS2304B121720.INGREDIENTES_PRODUCTO (ID_PRODUCTO,ID_INGREDIENTE,CANTIDAD) values ('60','41','6');
Insert into ISIS2304B121720.INGREDIENTES_PRODUCTO (ID_PRODUCTO,ID_INGREDIENTE,CANTIDAD) values ('61','40','2');
Insert into ISIS2304B121720.INGREDIENTES_PRODUCTO (ID_PRODUCTO,ID_INGREDIENTE,CANTIDAD) values ('62','39','6');
Insert into ISIS2304B121720.INGREDIENTES_PRODUCTO (ID_PRODUCTO,ID_INGREDIENTE,CANTIDAD) values ('63','38','1');
Insert into ISIS2304B121720.INGREDIENTES_PRODUCTO (ID_PRODUCTO,ID_INGREDIENTE,CANTIDAD) values ('64','37','9');
Insert into ISIS2304B121720.INGREDIENTES_PRODUCTO (ID_PRODUCTO,ID_INGREDIENTE,CANTIDAD) values ('65','36','1');
Insert into ISIS2304B121720.INGREDIENTES_PRODUCTO (ID_PRODUCTO,ID_INGREDIENTE,CANTIDAD) values ('66','35','2');
Insert into ISIS2304B121720.INGREDIENTES_PRODUCTO (ID_PRODUCTO,ID_INGREDIENTE,CANTIDAD) values ('67','34','8');
Insert into ISIS2304B121720.INGREDIENTES_PRODUCTO (ID_PRODUCTO,ID_INGREDIENTE,CANTIDAD) values ('68','33','1');
Insert into ISIS2304B121720.INGREDIENTES_PRODUCTO (ID_PRODUCTO,ID_INGREDIENTE,CANTIDAD) values ('69','32','4');
Insert into ISIS2304B121720.INGREDIENTES_PRODUCTO (ID_PRODUCTO,ID_INGREDIENTE,CANTIDAD) values ('70','31','5');
Insert into ISIS2304B121720.INGREDIENTES_PRODUCTO (ID_PRODUCTO,ID_INGREDIENTE,CANTIDAD) values ('71','30','9');
Insert into ISIS2304B121720.INGREDIENTES_PRODUCTO (ID_PRODUCTO,ID_INGREDIENTE,CANTIDAD) values ('72','29','4');
Insert into ISIS2304B121720.INGREDIENTES_PRODUCTO (ID_PRODUCTO,ID_INGREDIENTE,CANTIDAD) values ('73','28','2');
Insert into ISIS2304B121720.INGREDIENTES_PRODUCTO (ID_PRODUCTO,ID_INGREDIENTE,CANTIDAD) values ('74','27','10');
Insert into ISIS2304B121720.INGREDIENTES_PRODUCTO (ID_PRODUCTO,ID_INGREDIENTE,CANTIDAD) values ('75','26','6');
Insert into ISIS2304B121720.INGREDIENTES_PRODUCTO (ID_PRODUCTO,ID_INGREDIENTE,CANTIDAD) values ('76','25','7');
Insert into ISIS2304B121720.INGREDIENTES_PRODUCTO (ID_PRODUCTO,ID_INGREDIENTE,CANTIDAD) values ('77','24','2');
Insert into ISIS2304B121720.INGREDIENTES_PRODUCTO (ID_PRODUCTO,ID_INGREDIENTE,CANTIDAD) values ('78','23','1');
Insert into ISIS2304B121720.INGREDIENTES_PRODUCTO (ID_PRODUCTO,ID_INGREDIENTE,CANTIDAD) values ('79','22','10');
Insert into ISIS2304B121720.INGREDIENTES_PRODUCTO (ID_PRODUCTO,ID_INGREDIENTE,CANTIDAD) values ('80','21','3');
Insert into ISIS2304B121720.INGREDIENTES_PRODUCTO (ID_PRODUCTO,ID_INGREDIENTE,CANTIDAD) values ('81','20','3');
Insert into ISIS2304B121720.INGREDIENTES_PRODUCTO (ID_PRODUCTO,ID_INGREDIENTE,CANTIDAD) values ('82','19','8');
Insert into ISIS2304B121720.INGREDIENTES_PRODUCTO (ID_PRODUCTO,ID_INGREDIENTE,CANTIDAD) values ('83','18','3');
Insert into ISIS2304B121720.INGREDIENTES_PRODUCTO (ID_PRODUCTO,ID_INGREDIENTE,CANTIDAD) values ('84','17','10');
Insert into ISIS2304B121720.INGREDIENTES_PRODUCTO (ID_PRODUCTO,ID_INGREDIENTE,CANTIDAD) values ('85','16','1');
Insert into ISIS2304B121720.INGREDIENTES_PRODUCTO (ID_PRODUCTO,ID_INGREDIENTE,CANTIDAD) values ('86','15','6');
Insert into ISIS2304B121720.INGREDIENTES_PRODUCTO (ID_PRODUCTO,ID_INGREDIENTE,CANTIDAD) values ('87','14','6');
Insert into ISIS2304B121720.INGREDIENTES_PRODUCTO (ID_PRODUCTO,ID_INGREDIENTE,CANTIDAD) values ('88','13','5');
Insert into ISIS2304B121720.INGREDIENTES_PRODUCTO (ID_PRODUCTO,ID_INGREDIENTE,CANTIDAD) values ('89','12','1');
Insert into ISIS2304B121720.INGREDIENTES_PRODUCTO (ID_PRODUCTO,ID_INGREDIENTE,CANTIDAD) values ('90','11','6');
Insert into ISIS2304B121720.INGREDIENTES_PRODUCTO (ID_PRODUCTO,ID_INGREDIENTE,CANTIDAD) values ('91','10','9');
Insert into ISIS2304B121720.INGREDIENTES_PRODUCTO (ID_PRODUCTO,ID_INGREDIENTE,CANTIDAD) values ('92','9','1');
Insert into ISIS2304B121720.INGREDIENTES_PRODUCTO (ID_PRODUCTO,ID_INGREDIENTE,CANTIDAD) values ('93','8','1');
Insert into ISIS2304B121720.INGREDIENTES_PRODUCTO (ID_PRODUCTO,ID_INGREDIENTE,CANTIDAD) values ('94','7','5');
Insert into ISIS2304B121720.INGREDIENTES_PRODUCTO (ID_PRODUCTO,ID_INGREDIENTE,CANTIDAD) values ('95','6','2');
Insert into ISIS2304B121720.INGREDIENTES_PRODUCTO (ID_PRODUCTO,ID_INGREDIENTE,CANTIDAD) values ('96','5','1');
Insert into ISIS2304B121720.INGREDIENTES_PRODUCTO (ID_PRODUCTO,ID_INGREDIENTE,CANTIDAD) values ('97','4','7');
Insert into ISIS2304B121720.INGREDIENTES_PRODUCTO (ID_PRODUCTO,ID_INGREDIENTE,CANTIDAD) values ('98','3','3');
Insert into ISIS2304B121720.INGREDIENTES_PRODUCTO (ID_PRODUCTO,ID_INGREDIENTE,CANTIDAD) values ('99','2','9');
Insert into ISIS2304B121720.INGREDIENTES_PRODUCTO (ID_PRODUCTO,ID_INGREDIENTE,CANTIDAD) values ('100','1','2');
commit;
Insert into ISIS2304B121720.INGREDIENTES_PRODUCTO (ID_PRODUCTO,ID_INGREDIENTE,CANTIDAD) values ('42','42','8');
Insert into ISIS2304B121720.INGREDIENTES_PRODUCTO (ID_PRODUCTO,ID_INGREDIENTE,CANTIDAD) values ('67','21','10');
Insert into ISIS2304B121720.INGREDIENTES_PRODUCTO (ID_PRODUCTO,ID_INGREDIENTE,CANTIDAD) values ('32','89','3');
Insert into ISIS2304B121720.INGREDIENTES_PRODUCTO (ID_PRODUCTO,ID_INGREDIENTE,CANTIDAD) values ('44','11','7');
Insert into ISIS2304B121720.INGREDIENTES_PRODUCTO (ID_PRODUCTO,ID_INGREDIENTE,CANTIDAD) values ('90','62','7');
Insert into ISIS2304B121720.INGREDIENTES_PRODUCTO (ID_PRODUCTO,ID_INGREDIENTE,CANTIDAD) values ('32','16','6');
Insert into ISIS2304B121720.INGREDIENTES_PRODUCTO (ID_PRODUCTO,ID_INGREDIENTE,CANTIDAD) values ('61','17','1');
Insert into ISIS2304B121720.INGREDIENTES_PRODUCTO (ID_PRODUCTO,ID_INGREDIENTE,CANTIDAD) values ('44','78','6');
Insert into ISIS2304B121720.INGREDIENTES_PRODUCTO (ID_PRODUCTO,ID_INGREDIENTE,CANTIDAD) values ('56','57','10');
Insert into ISIS2304B121720.INGREDIENTES_PRODUCTO (ID_PRODUCTO,ID_INGREDIENTE,CANTIDAD) values ('12','27','2');
Insert into ISIS2304B121720.INGREDIENTES_PRODUCTO (ID_PRODUCTO,ID_INGREDIENTE,CANTIDAD) values ('50','98','6');
Insert into ISIS2304B121720.INGREDIENTES_PRODUCTO (ID_PRODUCTO,ID_INGREDIENTE,CANTIDAD) values ('36','22','4');
Insert into ISIS2304B121720.INGREDIENTES_PRODUCTO (ID_PRODUCTO,ID_INGREDIENTE,CANTIDAD) values ('56','73','9');
Insert into ISIS2304B121720.INGREDIENTES_PRODUCTO (ID_PRODUCTO,ID_INGREDIENTE,CANTIDAD) values ('82','12','4');
Insert into ISIS2304B121720.INGREDIENTES_PRODUCTO (ID_PRODUCTO,ID_INGREDIENTE,CANTIDAD) values ('84','21','5');
Insert into ISIS2304B121720.INGREDIENTES_PRODUCTO (ID_PRODUCTO,ID_INGREDIENTE,CANTIDAD) values ('80','94','9');
Insert into ISIS2304B121720.INGREDIENTES_PRODUCTO (ID_PRODUCTO,ID_INGREDIENTE,CANTIDAD) values ('21','5','6');
Insert into ISIS2304B121720.INGREDIENTES_PRODUCTO (ID_PRODUCTO,ID_INGREDIENTE,CANTIDAD) values ('89','50','5');
Insert into ISIS2304B121720.INGREDIENTES_PRODUCTO (ID_PRODUCTO,ID_INGREDIENTE,CANTIDAD) values ('69','14','3');
Insert into ISIS2304B121720.INGREDIENTES_PRODUCTO (ID_PRODUCTO,ID_INGREDIENTE,CANTIDAD) values ('70','12','3');
Insert into ISIS2304B121720.INGREDIENTES_PRODUCTO (ID_PRODUCTO,ID_INGREDIENTE,CANTIDAD) values ('23','66','4');
Insert into ISIS2304B121720.INGREDIENTES_PRODUCTO (ID_PRODUCTO,ID_INGREDIENTE,CANTIDAD) values ('1','70','8');
Insert into ISIS2304B121720.INGREDIENTES_PRODUCTO (ID_PRODUCTO,ID_INGREDIENTE,CANTIDAD) values ('83','45','6');
Insert into ISIS2304B121720.INGREDIENTES_PRODUCTO (ID_PRODUCTO,ID_INGREDIENTE,CANTIDAD) values ('2','3','1');
Insert into ISIS2304B121720.INGREDIENTES_PRODUCTO (ID_PRODUCTO,ID_INGREDIENTE,CANTIDAD) values ('13','37','7');
Insert into ISIS2304B121720.INGREDIENTES_PRODUCTO (ID_PRODUCTO,ID_INGREDIENTE,CANTIDAD) values ('48','82','7');
Insert into ISIS2304B121720.INGREDIENTES_PRODUCTO (ID_PRODUCTO,ID_INGREDIENTE,CANTIDAD) values ('64','93','6');
Insert into ISIS2304B121720.INGREDIENTES_PRODUCTO (ID_PRODUCTO,ID_INGREDIENTE,CANTIDAD) values ('54','63','8');
Insert into ISIS2304B121720.INGREDIENTES_PRODUCTO (ID_PRODUCTO,ID_INGREDIENTE,CANTIDAD) values ('26','8','10');
Insert into ISIS2304B121720.INGREDIENTES_PRODUCTO (ID_PRODUCTO,ID_INGREDIENTE,CANTIDAD) values ('26','1','1');
Insert into ISIS2304B121720.INGREDIENTES_PRODUCTO (ID_PRODUCTO,ID_INGREDIENTE,CANTIDAD) values ('61','94','9');
Insert into ISIS2304B121720.INGREDIENTES_PRODUCTO (ID_PRODUCTO,ID_INGREDIENTE,CANTIDAD) values ('79','27','5');
Insert into ISIS2304B121720.INGREDIENTES_PRODUCTO (ID_PRODUCTO,ID_INGREDIENTE,CANTIDAD) values ('59','74','6');
Insert into ISIS2304B121720.INGREDIENTES_PRODUCTO (ID_PRODUCTO,ID_INGREDIENTE,CANTIDAD) values ('83','1','5');
Insert into ISIS2304B121720.INGREDIENTES_PRODUCTO (ID_PRODUCTO,ID_INGREDIENTE,CANTIDAD) values ('70','56','6');
Insert into ISIS2304B121720.INGREDIENTES_PRODUCTO (ID_PRODUCTO,ID_INGREDIENTE,CANTIDAD) values ('70','1','4');
Insert into ISIS2304B121720.INGREDIENTES_PRODUCTO (ID_PRODUCTO,ID_INGREDIENTE,CANTIDAD) values ('89','38','4');
Insert into ISIS2304B121720.INGREDIENTES_PRODUCTO (ID_PRODUCTO,ID_INGREDIENTE,CANTIDAD) values ('27','15','4');
Insert into ISIS2304B121720.INGREDIENTES_PRODUCTO (ID_PRODUCTO,ID_INGREDIENTE,CANTIDAD) values ('57','62','1');
Insert into ISIS2304B121720.INGREDIENTES_PRODUCTO (ID_PRODUCTO,ID_INGREDIENTE,CANTIDAD) values ('49','6','5');
Insert into ISIS2304B121720.INGREDIENTES_PRODUCTO (ID_PRODUCTO,ID_INGREDIENTE,CANTIDAD) values ('30','36','2');
Insert into ISIS2304B121720.INGREDIENTES_PRODUCTO (ID_PRODUCTO,ID_INGREDIENTE,CANTIDAD) values ('48','44','1');
Insert into ISIS2304B121720.INGREDIENTES_PRODUCTO (ID_PRODUCTO,ID_INGREDIENTE,CANTIDAD) values ('15','57','8');
Insert into ISIS2304B121720.INGREDIENTES_PRODUCTO (ID_PRODUCTO,ID_INGREDIENTE,CANTIDAD) values ('73','47','7');
Insert into ISIS2304B121720.INGREDIENTES_PRODUCTO (ID_PRODUCTO,ID_INGREDIENTE,CANTIDAD) values ('28','9','10');
Insert into ISIS2304B121720.INGREDIENTES_PRODUCTO (ID_PRODUCTO,ID_INGREDIENTE,CANTIDAD) values ('73','39','8');
Insert into ISIS2304B121720.INGREDIENTES_PRODUCTO (ID_PRODUCTO,ID_INGREDIENTE,CANTIDAD) values ('94','35','2');
Insert into ISIS2304B121720.INGREDIENTES_PRODUCTO (ID_PRODUCTO,ID_INGREDIENTE,CANTIDAD) values ('73','75','1');
Insert into ISIS2304B121720.INGREDIENTES_PRODUCTO (ID_PRODUCTO,ID_INGREDIENTE,CANTIDAD) values ('27','4','5');
Insert into ISIS2304B121720.INGREDIENTES_PRODUCTO (ID_PRODUCTO,ID_INGREDIENTE,CANTIDAD) values ('24','46','10');
Insert into ISIS2304B121720.INGREDIENTES_PRODUCTO (ID_PRODUCTO,ID_INGREDIENTE,CANTIDAD) values ('88','58','6');
Insert into ISIS2304B121720.INGREDIENTES_PRODUCTO (ID_PRODUCTO,ID_INGREDIENTE,CANTIDAD) values ('77','14','3');
Insert into ISIS2304B121720.INGREDIENTES_PRODUCTO (ID_PRODUCTO,ID_INGREDIENTE,CANTIDAD) values ('83','24','1');
Insert into ISIS2304B121720.INGREDIENTES_PRODUCTO (ID_PRODUCTO,ID_INGREDIENTE,CANTIDAD) values ('49','98','4');
Insert into ISIS2304B121720.INGREDIENTES_PRODUCTO (ID_PRODUCTO,ID_INGREDIENTE,CANTIDAD) values ('42','38','4');
Insert into ISIS2304B121720.INGREDIENTES_PRODUCTO (ID_PRODUCTO,ID_INGREDIENTE,CANTIDAD) values ('35','51','10');
Insert into ISIS2304B121720.INGREDIENTES_PRODUCTO (ID_PRODUCTO,ID_INGREDIENTE,CANTIDAD) values ('68','77','1');
Insert into ISIS2304B121720.INGREDIENTES_PRODUCTO (ID_PRODUCTO,ID_INGREDIENTE,CANTIDAD) values ('48','81','4');
Insert into ISIS2304B121720.INGREDIENTES_PRODUCTO (ID_PRODUCTO,ID_INGREDIENTE,CANTIDAD) values ('78','92','4');
Insert into ISIS2304B121720.INGREDIENTES_PRODUCTO (ID_PRODUCTO,ID_INGREDIENTE,CANTIDAD) values ('9','89','5');
Insert into ISIS2304B121720.INGREDIENTES_PRODUCTO (ID_PRODUCTO,ID_INGREDIENTE,CANTIDAD) values ('38','48','10');
Insert into ISIS2304B121720.INGREDIENTES_PRODUCTO (ID_PRODUCTO,ID_INGREDIENTE,CANTIDAD) values ('20','23','6');
Insert into ISIS2304B121720.INGREDIENTES_PRODUCTO (ID_PRODUCTO,ID_INGREDIENTE,CANTIDAD) values ('11','46','5');
Insert into ISIS2304B121720.INGREDIENTES_PRODUCTO (ID_PRODUCTO,ID_INGREDIENTE,CANTIDAD) values ('74','49','6');
Insert into ISIS2304B121720.INGREDIENTES_PRODUCTO (ID_PRODUCTO,ID_INGREDIENTE,CANTIDAD) values ('83','41','2');
Insert into ISIS2304B121720.INGREDIENTES_PRODUCTO (ID_PRODUCTO,ID_INGREDIENTE,CANTIDAD) values ('34','55','8');
Insert into ISIS2304B121720.INGREDIENTES_PRODUCTO (ID_PRODUCTO,ID_INGREDIENTE,CANTIDAD) values ('78','1','7');
Insert into ISIS2304B121720.INGREDIENTES_PRODUCTO (ID_PRODUCTO,ID_INGREDIENTE,CANTIDAD) values ('26','19','3');
Insert into ISIS2304B121720.INGREDIENTES_PRODUCTO (ID_PRODUCTO,ID_INGREDIENTE,CANTIDAD) values ('8','88','6');
Insert into ISIS2304B121720.INGREDIENTES_PRODUCTO (ID_PRODUCTO,ID_INGREDIENTE,CANTIDAD) values ('49','97','5');
Insert into ISIS2304B121720.INGREDIENTES_PRODUCTO (ID_PRODUCTO,ID_INGREDIENTE,CANTIDAD) values ('96','36','1');
Insert into ISIS2304B121720.INGREDIENTES_PRODUCTO (ID_PRODUCTO,ID_INGREDIENTE,CANTIDAD) values ('45','93','4');
Insert into ISIS2304B121720.INGREDIENTES_PRODUCTO (ID_PRODUCTO,ID_INGREDIENTE,CANTIDAD) values ('62','49','7');
Insert into ISIS2304B121720.INGREDIENTES_PRODUCTO (ID_PRODUCTO,ID_INGREDIENTE,CANTIDAD) values ('74','11','4');
Insert into ISIS2304B121720.INGREDIENTES_PRODUCTO (ID_PRODUCTO,ID_INGREDIENTE,CANTIDAD) values ('81','59','1');
Insert into ISIS2304B121720.INGREDIENTES_PRODUCTO (ID_PRODUCTO,ID_INGREDIENTE,CANTIDAD) values ('68','61','7');
Insert into ISIS2304B121720.INGREDIENTES_PRODUCTO (ID_PRODUCTO,ID_INGREDIENTE,CANTIDAD) values ('82','77','9');
Insert into ISIS2304B121720.INGREDIENTES_PRODUCTO (ID_PRODUCTO,ID_INGREDIENTE,CANTIDAD) values ('59','95','8');
Insert into ISIS2304B121720.INGREDIENTES_PRODUCTO (ID_PRODUCTO,ID_INGREDIENTE,CANTIDAD) values ('90','42','9');
Insert into ISIS2304B121720.INGREDIENTES_PRODUCTO (ID_PRODUCTO,ID_INGREDIENTE,CANTIDAD) values ('30','18','7');
Insert into ISIS2304B121720.INGREDIENTES_PRODUCTO (ID_PRODUCTO,ID_INGREDIENTE,CANTIDAD) values ('22','31','6');
Insert into ISIS2304B121720.INGREDIENTES_PRODUCTO (ID_PRODUCTO,ID_INGREDIENTE,CANTIDAD) values ('12','97','5');
Insert into ISIS2304B121720.INGREDIENTES_PRODUCTO (ID_PRODUCTO,ID_INGREDIENTE,CANTIDAD) values ('19','87','6');
Insert into ISIS2304B121720.INGREDIENTES_PRODUCTO (ID_PRODUCTO,ID_INGREDIENTE,CANTIDAD) values ('2','100','2');
Insert into ISIS2304B121720.INGREDIENTES_PRODUCTO (ID_PRODUCTO,ID_INGREDIENTE,CANTIDAD) values ('18','43','5');
Insert into ISIS2304B121720.INGREDIENTES_PRODUCTO (ID_PRODUCTO,ID_INGREDIENTE,CANTIDAD) values ('24','54','2');
Insert into ISIS2304B121720.INGREDIENTES_PRODUCTO (ID_PRODUCTO,ID_INGREDIENTE,CANTIDAD) values ('5','31','2');
Insert into ISIS2304B121720.INGREDIENTES_PRODUCTO (ID_PRODUCTO,ID_INGREDIENTE,CANTIDAD) values ('61','3','4');
Insert into ISIS2304B121720.INGREDIENTES_PRODUCTO (ID_PRODUCTO,ID_INGREDIENTE,CANTIDAD) values ('14','41','1');
Insert into ISIS2304B121720.INGREDIENTES_PRODUCTO (ID_PRODUCTO,ID_INGREDIENTE,CANTIDAD) values ('55','39','9');
Insert into ISIS2304B121720.INGREDIENTES_PRODUCTO (ID_PRODUCTO,ID_INGREDIENTE,CANTIDAD) values ('51','54','4');
Insert into ISIS2304B121720.INGREDIENTES_PRODUCTO (ID_PRODUCTO,ID_INGREDIENTE,CANTIDAD) values ('78','78','6');
Insert into ISIS2304B121720.INGREDIENTES_PRODUCTO (ID_PRODUCTO,ID_INGREDIENTE,CANTIDAD) values ('52','80','8');
Insert into ISIS2304B121720.INGREDIENTES_PRODUCTO (ID_PRODUCTO,ID_INGREDIENTE,CANTIDAD) values ('69','46','6');
Insert into ISIS2304B121720.INGREDIENTES_PRODUCTO (ID_PRODUCTO,ID_INGREDIENTE,CANTIDAD) values ('95','51','9');
Insert into ISIS2304B121720.INGREDIENTES_PRODUCTO (ID_PRODUCTO,ID_INGREDIENTE,CANTIDAD) values ('87','35','6');
Insert into ISIS2304B121720.INGREDIENTES_PRODUCTO (ID_PRODUCTO,ID_INGREDIENTE,CANTIDAD) values ('16','90','4');
Insert into ISIS2304B121720.INGREDIENTES_PRODUCTO (ID_PRODUCTO,ID_INGREDIENTE,CANTIDAD) values ('82','67','10');
Insert into ISIS2304B121720.INGREDIENTES_PRODUCTO (ID_PRODUCTO,ID_INGREDIENTE,CANTIDAD) values ('67','19','10');
Insert into ISIS2304B121720.INGREDIENTES_PRODUCTO (ID_PRODUCTO,ID_INGREDIENTE,CANTIDAD) values ('72','46','1');
commit;
REM INSERTING into ISIS2304B121720.INGREDIENTESSIMILARES
SET DEFINE OFF;
Insert into ISIS2304B121720.INGREDIENTESSIMILARES (ID_INGREDIENTE1,ID_INGREDIENTE2,ID_REST) values ('1','3','6');
Insert into ISIS2304B121720.INGREDIENTESSIMILARES (ID_INGREDIENTE1,ID_INGREDIENTE2,ID_REST) values ('1','5','39');
Insert into ISIS2304B121720.INGREDIENTESSIMILARES (ID_INGREDIENTE1,ID_INGREDIENTE2,ID_REST) values ('1','7','12');
Insert into ISIS2304B121720.INGREDIENTESSIMILARES (ID_INGREDIENTE1,ID_INGREDIENTE2,ID_REST) values ('1','11','7');
Insert into ISIS2304B121720.INGREDIENTESSIMILARES (ID_INGREDIENTE1,ID_INGREDIENTE2,ID_REST) values ('1','16','29');
Insert into ISIS2304B121720.INGREDIENTESSIMILARES (ID_INGREDIENTE1,ID_INGREDIENTE2,ID_REST) values ('1','19','10');
Insert into ISIS2304B121720.INGREDIENTESSIMILARES (ID_INGREDIENTE1,ID_INGREDIENTE2,ID_REST) values ('2','10','6');
Insert into ISIS2304B121720.INGREDIENTESSIMILARES (ID_INGREDIENTE1,ID_INGREDIENTE2,ID_REST) values ('2','14','12');
Insert into ISIS2304B121720.INGREDIENTESSIMILARES (ID_INGREDIENTE1,ID_INGREDIENTE2,ID_REST) values ('2','16','1');
Insert into ISIS2304B121720.INGREDIENTESSIMILARES (ID_INGREDIENTE1,ID_INGREDIENTE2,ID_REST) values ('2','18','17');
Insert into ISIS2304B121720.INGREDIENTESSIMILARES (ID_INGREDIENTE1,ID_INGREDIENTE2,ID_REST) values ('3','8','15');
Insert into ISIS2304B121720.INGREDIENTESSIMILARES (ID_INGREDIENTE1,ID_INGREDIENTE2,ID_REST) values ('3','11','36');
Insert into ISIS2304B121720.INGREDIENTESSIMILARES (ID_INGREDIENTE1,ID_INGREDIENTE2,ID_REST) values ('4','6','39');
Insert into ISIS2304B121720.INGREDIENTESSIMILARES (ID_INGREDIENTE1,ID_INGREDIENTE2,ID_REST) values ('4','10','5');
Insert into ISIS2304B121720.INGREDIENTESSIMILARES (ID_INGREDIENTE1,ID_INGREDIENTE2,ID_REST) values ('4','10','40');
Insert into ISIS2304B121720.INGREDIENTESSIMILARES (ID_INGREDIENTE1,ID_INGREDIENTE2,ID_REST) values ('4','18','9');
Insert into ISIS2304B121720.INGREDIENTESSIMILARES (ID_INGREDIENTE1,ID_INGREDIENTE2,ID_REST) values ('5','1','10');
Insert into ISIS2304B121720.INGREDIENTESSIMILARES (ID_INGREDIENTE1,ID_INGREDIENTE2,ID_REST) values ('5','4','31');
Insert into ISIS2304B121720.INGREDIENTESSIMILARES (ID_INGREDIENTE1,ID_INGREDIENTE2,ID_REST) values ('5','4','36');
Insert into ISIS2304B121720.INGREDIENTESSIMILARES (ID_INGREDIENTE1,ID_INGREDIENTE2,ID_REST) values ('5','7','19');
Insert into ISIS2304B121720.INGREDIENTESSIMILARES (ID_INGREDIENTE1,ID_INGREDIENTE2,ID_REST) values ('5','15','28');
Insert into ISIS2304B121720.INGREDIENTESSIMILARES (ID_INGREDIENTE1,ID_INGREDIENTE2,ID_REST) values ('6','3','19');
Insert into ISIS2304B121720.INGREDIENTESSIMILARES (ID_INGREDIENTE1,ID_INGREDIENTE2,ID_REST) values ('6','3','31');
Insert into ISIS2304B121720.INGREDIENTESSIMILARES (ID_INGREDIENTE1,ID_INGREDIENTE2,ID_REST) values ('6','9','32');
Insert into ISIS2304B121720.INGREDIENTESSIMILARES (ID_INGREDIENTE1,ID_INGREDIENTE2,ID_REST) values ('6','13','38');
Insert into ISIS2304B121720.INGREDIENTESSIMILARES (ID_INGREDIENTE1,ID_INGREDIENTE2,ID_REST) values ('6','14','31');
Insert into ISIS2304B121720.INGREDIENTESSIMILARES (ID_INGREDIENTE1,ID_INGREDIENTE2,ID_REST) values ('6','18','37');
Insert into ISIS2304B121720.INGREDIENTESSIMILARES (ID_INGREDIENTE1,ID_INGREDIENTE2,ID_REST) values ('6','19','26');
Insert into ISIS2304B121720.INGREDIENTESSIMILARES (ID_INGREDIENTE1,ID_INGREDIENTE2,ID_REST) values ('6','20','21');
Insert into ISIS2304B121720.INGREDIENTESSIMILARES (ID_INGREDIENTE1,ID_INGREDIENTE2,ID_REST) values ('6','20','39');
Insert into ISIS2304B121720.INGREDIENTESSIMILARES (ID_INGREDIENTE1,ID_INGREDIENTE2,ID_REST) values ('7','11','20');
Insert into ISIS2304B121720.INGREDIENTESSIMILARES (ID_INGREDIENTE1,ID_INGREDIENTE2,ID_REST) values ('7','15','26');
Insert into ISIS2304B121720.INGREDIENTESSIMILARES (ID_INGREDIENTE1,ID_INGREDIENTE2,ID_REST) values ('7','18','5');
Insert into ISIS2304B121720.INGREDIENTESSIMILARES (ID_INGREDIENTE1,ID_INGREDIENTE2,ID_REST) values ('7','20','40');
Insert into ISIS2304B121720.INGREDIENTESSIMILARES (ID_INGREDIENTE1,ID_INGREDIENTE2,ID_REST) values ('8','9','36');
Insert into ISIS2304B121720.INGREDIENTESSIMILARES (ID_INGREDIENTE1,ID_INGREDIENTE2,ID_REST) values ('8','13','38');
Insert into ISIS2304B121720.INGREDIENTESSIMILARES (ID_INGREDIENTE1,ID_INGREDIENTE2,ID_REST) values ('8','18','3');
Insert into ISIS2304B121720.INGREDIENTESSIMILARES (ID_INGREDIENTE1,ID_INGREDIENTE2,ID_REST) values ('9','4','19');
Insert into ISIS2304B121720.INGREDIENTESSIMILARES (ID_INGREDIENTE1,ID_INGREDIENTE2,ID_REST) values ('9','8','23');
Insert into ISIS2304B121720.INGREDIENTESSIMILARES (ID_INGREDIENTE1,ID_INGREDIENTE2,ID_REST) values ('9','16','12');
Insert into ISIS2304B121720.INGREDIENTESSIMILARES (ID_INGREDIENTE1,ID_INGREDIENTE2,ID_REST) values ('9','20','39');
Insert into ISIS2304B121720.INGREDIENTESSIMILARES (ID_INGREDIENTE1,ID_INGREDIENTE2,ID_REST) values ('11','3','37');
Insert into ISIS2304B121720.INGREDIENTESSIMILARES (ID_INGREDIENTE1,ID_INGREDIENTE2,ID_REST) values ('11','3','39');
Insert into ISIS2304B121720.INGREDIENTESSIMILARES (ID_INGREDIENTE1,ID_INGREDIENTE2,ID_REST) values ('11','4','3');
Insert into ISIS2304B121720.INGREDIENTESSIMILARES (ID_INGREDIENTE1,ID_INGREDIENTE2,ID_REST) values ('11','5','2');
Insert into ISIS2304B121720.INGREDIENTESSIMILARES (ID_INGREDIENTE1,ID_INGREDIENTE2,ID_REST) values ('11','10','39');
Insert into ISIS2304B121720.INGREDIENTESSIMILARES (ID_INGREDIENTE1,ID_INGREDIENTE2,ID_REST) values ('11','13','1');
Insert into ISIS2304B121720.INGREDIENTESSIMILARES (ID_INGREDIENTE1,ID_INGREDIENTE2,ID_REST) values ('11','14','34');
Insert into ISIS2304B121720.INGREDIENTESSIMILARES (ID_INGREDIENTE1,ID_INGREDIENTE2,ID_REST) values ('11','20','33');
Insert into ISIS2304B121720.INGREDIENTESSIMILARES (ID_INGREDIENTE1,ID_INGREDIENTE2,ID_REST) values ('11','20','39');
Insert into ISIS2304B121720.INGREDIENTESSIMILARES (ID_INGREDIENTE1,ID_INGREDIENTE2,ID_REST) values ('12','1','35');
Insert into ISIS2304B121720.INGREDIENTESSIMILARES (ID_INGREDIENTE1,ID_INGREDIENTE2,ID_REST) values ('12','7','30');
Insert into ISIS2304B121720.INGREDIENTESSIMILARES (ID_INGREDIENTE1,ID_INGREDIENTE2,ID_REST) values ('12','8','12');
Insert into ISIS2304B121720.INGREDIENTESSIMILARES (ID_INGREDIENTE1,ID_INGREDIENTE2,ID_REST) values ('12','8','37');
Insert into ISIS2304B121720.INGREDIENTESSIMILARES (ID_INGREDIENTE1,ID_INGREDIENTE2,ID_REST) values ('12','9','27');
Insert into ISIS2304B121720.INGREDIENTESSIMILARES (ID_INGREDIENTE1,ID_INGREDIENTE2,ID_REST) values ('12','13','26');
Insert into ISIS2304B121720.INGREDIENTESSIMILARES (ID_INGREDIENTE1,ID_INGREDIENTE2,ID_REST) values ('12','14','1');
Insert into ISIS2304B121720.INGREDIENTESSIMILARES (ID_INGREDIENTE1,ID_INGREDIENTE2,ID_REST) values ('12','16','5');
Insert into ISIS2304B121720.INGREDIENTESSIMILARES (ID_INGREDIENTE1,ID_INGREDIENTE2,ID_REST) values ('12','18','23');
Insert into ISIS2304B121720.INGREDIENTESSIMILARES (ID_INGREDIENTE1,ID_INGREDIENTE2,ID_REST) values ('13','5','4');
Insert into ISIS2304B121720.INGREDIENTESSIMILARES (ID_INGREDIENTE1,ID_INGREDIENTE2,ID_REST) values ('13','6','1');
Insert into ISIS2304B121720.INGREDIENTESSIMILARES (ID_INGREDIENTE1,ID_INGREDIENTE2,ID_REST) values ('13','9','28');
Insert into ISIS2304B121720.INGREDIENTESSIMILARES (ID_INGREDIENTE1,ID_INGREDIENTE2,ID_REST) values ('13','12','3');
Insert into ISIS2304B121720.INGREDIENTESSIMILARES (ID_INGREDIENTE1,ID_INGREDIENTE2,ID_REST) values ('14','16','3');
Insert into ISIS2304B121720.INGREDIENTESSIMILARES (ID_INGREDIENTE1,ID_INGREDIENTE2,ID_REST) values ('14','20','37');
Insert into ISIS2304B121720.INGREDIENTESSIMILARES (ID_INGREDIENTE1,ID_INGREDIENTE2,ID_REST) values ('15','4','19');
Insert into ISIS2304B121720.INGREDIENTESSIMILARES (ID_INGREDIENTE1,ID_INGREDIENTE2,ID_REST) values ('15','4','40');
Insert into ISIS2304B121720.INGREDIENTESSIMILARES (ID_INGREDIENTE1,ID_INGREDIENTE2,ID_REST) values ('15','7','11');
Insert into ISIS2304B121720.INGREDIENTESSIMILARES (ID_INGREDIENTE1,ID_INGREDIENTE2,ID_REST) values ('15','11','20');
Insert into ISIS2304B121720.INGREDIENTESSIMILARES (ID_INGREDIENTE1,ID_INGREDIENTE2,ID_REST) values ('16','3','26');
Insert into ISIS2304B121720.INGREDIENTESSIMILARES (ID_INGREDIENTE1,ID_INGREDIENTE2,ID_REST) values ('16','4','16');
Insert into ISIS2304B121720.INGREDIENTESSIMILARES (ID_INGREDIENTE1,ID_INGREDIENTE2,ID_REST) values ('16','12','7');
Insert into ISIS2304B121720.INGREDIENTESSIMILARES (ID_INGREDIENTE1,ID_INGREDIENTE2,ID_REST) values ('16','14','11');
Insert into ISIS2304B121720.INGREDIENTESSIMILARES (ID_INGREDIENTE1,ID_INGREDIENTE2,ID_REST) values ('17','1','9');
Insert into ISIS2304B121720.INGREDIENTESSIMILARES (ID_INGREDIENTE1,ID_INGREDIENTE2,ID_REST) values ('17','9','23');
Insert into ISIS2304B121720.INGREDIENTESSIMILARES (ID_INGREDIENTE1,ID_INGREDIENTE2,ID_REST) values ('17','11','6');
Insert into ISIS2304B121720.INGREDIENTESSIMILARES (ID_INGREDIENTE1,ID_INGREDIENTE2,ID_REST) values ('17','13','13');
Insert into ISIS2304B121720.INGREDIENTESSIMILARES (ID_INGREDIENTE1,ID_INGREDIENTE2,ID_REST) values ('17','14','37');
Insert into ISIS2304B121720.INGREDIENTESSIMILARES (ID_INGREDIENTE1,ID_INGREDIENTE2,ID_REST) values ('17','15','18');
Insert into ISIS2304B121720.INGREDIENTESSIMILARES (ID_INGREDIENTE1,ID_INGREDIENTE2,ID_REST) values ('18','1','22');
Insert into ISIS2304B121720.INGREDIENTESSIMILARES (ID_INGREDIENTE1,ID_INGREDIENTE2,ID_REST) values ('18','5','18');
Insert into ISIS2304B121720.INGREDIENTESSIMILARES (ID_INGREDIENTE1,ID_INGREDIENTE2,ID_REST) values ('18','7','10');
Insert into ISIS2304B121720.INGREDIENTESSIMILARES (ID_INGREDIENTE1,ID_INGREDIENTE2,ID_REST) values ('18','8','2');
Insert into ISIS2304B121720.INGREDIENTESSIMILARES (ID_INGREDIENTE1,ID_INGREDIENTE2,ID_REST) values ('18','9','23');
Insert into ISIS2304B121720.INGREDIENTESSIMILARES (ID_INGREDIENTE1,ID_INGREDIENTE2,ID_REST) values ('18','11','28');
Insert into ISIS2304B121720.INGREDIENTESSIMILARES (ID_INGREDIENTE1,ID_INGREDIENTE2,ID_REST) values ('18','19','5');
Insert into ISIS2304B121720.INGREDIENTESSIMILARES (ID_INGREDIENTE1,ID_INGREDIENTE2,ID_REST) values ('19','6','38');
Insert into ISIS2304B121720.INGREDIENTESSIMILARES (ID_INGREDIENTE1,ID_INGREDIENTE2,ID_REST) values ('20','6','21');
Insert into ISIS2304B121720.INGREDIENTESSIMILARES (ID_INGREDIENTE1,ID_INGREDIENTE2,ID_REST) values ('20','9','12');
Insert into ISIS2304B121720.INGREDIENTESSIMILARES (ID_INGREDIENTE1,ID_INGREDIENTE2,ID_REST) values ('20','9','23');
Insert into ISIS2304B121720.INGREDIENTESSIMILARES (ID_INGREDIENTE1,ID_INGREDIENTE2,ID_REST) values ('20','11','2');
Insert into ISIS2304B121720.INGREDIENTESSIMILARES (ID_INGREDIENTE1,ID_INGREDIENTE2,ID_REST) values ('20','15','39');
commit;
REM INSERTING into ISIS2304B121720.MENUS
SET DEFINE OFF;
REM INSERTING into ISIS2304B121720.ORDENES
SET DEFINE OFF;
Insert into ISIS2304B121720.ORDENES (ID, ID_CLIENTE,COSTOTOTAL,FECHA, ES_CONFIRMADA) values ('1', '101','626380',to_timestamp('02/06/17 11:25:39,000000000 PM','DD/MM/RR HH12:MI:SSXFF AM'), '0');
Insert into ISIS2304B121720.ORDENES (ID, ID_CLIENTE,COSTOTOTAL,FECHA, ES_CONFIRMADA) values ('2', '102','315777',to_timestamp('18/08/17 09:21:02,000000000 PM','DD/MM/RR HH12:MI:SSXFF AM'), '0');
Insert into ISIS2304B121720.ORDENES (ID, ID_CLIENTE,COSTOTOTAL,FECHA, ES_CONFIRMADA) values ('3', '103','752876',to_timestamp('11/02/17 12:18:02,000000000 PM','DD/MM/RR HH12:MI:SSXFF AM'), '0');
Insert into ISIS2304B121720.ORDENES (ID, ID_CLIENTE,COSTOTOTAL,FECHA, ES_CONFIRMADA) values ('4', '104','587830',to_timestamp('09/09/17 10:33:03,000000000 AM','DD/MM/RR HH12:MI:SSXFF AM'), '0');
Insert into ISIS2304B121720.ORDENES (ID, ID_CLIENTE,COSTOTOTAL,FECHA, ES_CONFIRMADA) values ('5', '105','458269',to_timestamp('09/03/17 07:37:09,000000000 PM','DD/MM/RR HH12:MI:SSXFF AM'), '0');
Insert into ISIS2304B121720.ORDENES (ID, ID_CLIENTE,COSTOTOTAL,FECHA, ES_CONFIRMADA) values ('6', '106','629086',to_timestamp('09/03/17 03:29:57,000000000 AM','DD/MM/RR HH12:MI:SSXFF AM'), '0');
Insert into ISIS2304B121720.ORDENES (ID, ID_CLIENTE,COSTOTOTAL,FECHA, ES_CONFIRMADA) values ('7', '107','983516',to_timestamp('06/12/16 02:59:08,000000000 AM','DD/MM/RR HH12:MI:SSXFF AM'), '0');
Insert into ISIS2304B121720.ORDENES (ID, ID_CLIENTE,COSTOTOTAL,FECHA, ES_CONFIRMADA) values ('8', '108','39465',to_timestamp('05/01/17 02:29:33,000000000 PM','DD/MM/RR HH12:MI:SSXFF AM'), '0');
Insert into ISIS2304B121720.ORDENES (ID, ID_CLIENTE,COSTOTOTAL,FECHA, ES_CONFIRMADA) values ('9', '109','582758',to_timestamp('23/06/17 11:16:42,000000000 PM','DD/MM/RR HH12:MI:SSXFF AM'), '0');
Insert into ISIS2304B121720.ORDENES (ID, ID_CLIENTE,COSTOTOTAL,FECHA, ES_CONFIRMADA) values ('10', '110','21353',to_timestamp('15/10/16 04:27:29,000000000 PM','DD/MM/RR HH12:MI:SSXFF AM'), '0');
Insert into ISIS2304B121720.ORDENES (ID, ID_CLIENTE,COSTOTOTAL,FECHA, ES_CONFIRMADA) values ('11', '111','234787',to_timestamp('09/02/17 10:14:09,000000000 PM','DD/MM/RR HH12:MI:SSXFF AM'), '0');
Insert into ISIS2304B121720.ORDENES (ID, ID_CLIENTE,COSTOTOTAL,FECHA, ES_CONFIRMADA) values ('12', '112','750048',to_timestamp('03/12/16 03:00:03,000000000 AM','DD/MM/RR HH12:MI:SSXFF AM'), '0');
Insert into ISIS2304B121720.ORDENES (ID, ID_CLIENTE,COSTOTOTAL,FECHA, ES_CONFIRMADA) values ('13', '113','477717',to_timestamp('08/11/16 03:06:07,000000000 PM','DD/MM/RR HH12:MI:SSXFF AM'), '0');
Insert into ISIS2304B121720.ORDENES (ID, ID_CLIENTE,COSTOTOTAL,FECHA, ES_CONFIRMADA) values ('14', '114','747770',to_timestamp('24/01/17 10:23:01,000000000 PM','DD/MM/RR HH12:MI:SSXFF AM'), '0');
Insert into ISIS2304B121720.ORDENES (ID, ID_CLIENTE,COSTOTOTAL,FECHA, ES_CONFIRMADA) values ('15', '115','250191',to_timestamp('23/04/17 01:52:32,000000000 PM','DD/MM/RR HH12:MI:SSXFF AM'), '0');
Insert into ISIS2304B121720.ORDENES (ID, ID_CLIENTE,COSTOTOTAL,FECHA, ES_CONFIRMADA) values ('16', '116','688365',to_timestamp('25/04/17 07:12:42,000000000 AM','DD/MM/RR HH12:MI:SSXFF AM'), '0');
Insert into ISIS2304B121720.ORDENES (ID, ID_CLIENTE,COSTOTOTAL,FECHA, ES_CONFIRMADA) values ('17', '117','684391',to_timestamp('19/10/16 08:29:24,000000000 AM','DD/MM/RR HH12:MI:SSXFF AM'), '0');
Insert into ISIS2304B121720.ORDENES (ID, ID_CLIENTE,COSTOTOTAL,FECHA, ES_CONFIRMADA) values ('18', '118','609239',to_timestamp('27/01/17 04:33:27,000000000 PM','DD/MM/RR HH12:MI:SSXFF AM'), '0');
Insert into ISIS2304B121720.ORDENES (ID, ID_CLIENTE,COSTOTOTAL,FECHA, ES_CONFIRMADA) values ('19', '119','954002',to_timestamp('06/02/17 02:11:16,000000000 PM','DD/MM/RR HH12:MI:SSXFF AM'), '0');
Insert into ISIS2304B121720.ORDENES (ID, ID_CLIENTE,COSTOTOTAL,FECHA, ES_CONFIRMADA) values ('20', '120','389049',to_timestamp('29/06/17 12:32:33,000000000 PM','DD/MM/RR HH12:MI:SSXFF AM'), '0');
Insert into ISIS2304B121720.ORDENES (ID, ID_CLIENTE,COSTOTOTAL,FECHA, ES_CONFIRMADA) values ('21', '121','144432',to_timestamp('14/07/17 07:30:33,000000000 PM','DD/MM/RR HH12:MI:SSXFF AM'), '0');
Insert into ISIS2304B121720.ORDENES (ID, ID_CLIENTE,COSTOTOTAL,FECHA, ES_CONFIRMADA) values ('22', '122','94174',to_timestamp('08/09/17 12:47:32,000000000 PM','DD/MM/RR HH12:MI:SSXFF AM'), '0');
Insert into ISIS2304B121720.ORDENES (ID, ID_CLIENTE,COSTOTOTAL,FECHA, ES_CONFIRMADA) values ('23', '123','892900',to_timestamp('29/12/16 09:14:36,000000000 PM','DD/MM/RR HH12:MI:SSXFF AM'), '0');
Insert into ISIS2304B121720.ORDENES (ID, ID_CLIENTE,COSTOTOTAL,FECHA, ES_CONFIRMADA) values ('24', '124','860782',to_timestamp('22/08/17 08:31:23,000000000 PM','DD/MM/RR HH12:MI:SSXFF AM'), '0');
Insert into ISIS2304B121720.ORDENES (ID, ID_CLIENTE,COSTOTOTAL,FECHA, ES_CONFIRMADA) values ('25', '125','728975',to_timestamp('13/04/17 05:43:29,000000000 PM','DD/MM/RR HH12:MI:SSXFF AM'), '0');
Insert into ISIS2304B121720.ORDENES (ID, ID_CLIENTE,COSTOTOTAL,FECHA, ES_CONFIRMADA) values ('26', '126','734018',to_timestamp('08/02/17 12:41:59,000000000 PM','DD/MM/RR HH12:MI:SSXFF AM'), '0');
Insert into ISIS2304B121720.ORDENES (ID, ID_CLIENTE,COSTOTOTAL,FECHA, ES_CONFIRMADA) values ('27', '127','127209',to_timestamp('31/10/16 09:12:29,000000000 AM','DD/MM/RR HH12:MI:SSXFF AM'), '0');
Insert into ISIS2304B121720.ORDENES (ID, ID_CLIENTE,COSTOTOTAL,FECHA, ES_CONFIRMADA) values ('28', '128','967376',to_timestamp('29/04/17 03:40:53,000000000 PM','DD/MM/RR HH12:MI:SSXFF AM'), '0');
Insert into ISIS2304B121720.ORDENES (ID, ID_CLIENTE,COSTOTOTAL,FECHA, ES_CONFIRMADA) values ('29', '129','278714',to_timestamp('31/10/16 05:07:37,000000000 AM','DD/MM/RR HH12:MI:SSXFF AM'), '0');
Insert into ISIS2304B121720.ORDENES (ID, ID_CLIENTE,COSTOTOTAL,FECHA, ES_CONFIRMADA) values ('30', '130','898512',to_timestamp('11/09/17 08:38:16,000000000 PM','DD/MM/RR HH12:MI:SSXFF AM'), '0');
Insert into ISIS2304B121720.ORDENES (ID, ID_CLIENTE,COSTOTOTAL,FECHA, ES_CONFIRMADA) values ('31', '131','524810',to_timestamp('24/08/17 03:29:43,000000000 PM','DD/MM/RR HH12:MI:SSXFF AM'), '0');
Insert into ISIS2304B121720.ORDENES (ID, ID_CLIENTE,COSTOTOTAL,FECHA, ES_CONFIRMADA) values ('32', '132','711413',to_timestamp('11/07/17 01:36:49,000000000 PM','DD/MM/RR HH12:MI:SSXFF AM'), '0');
Insert into ISIS2304B121720.ORDENES (ID, ID_CLIENTE,COSTOTOTAL,FECHA, ES_CONFIRMADA) values ('33', '133','728832',to_timestamp('27/05/17 07:08:58,000000000 PM','DD/MM/RR HH12:MI:SSXFF AM'), '0');
Insert into ISIS2304B121720.ORDENES (ID, ID_CLIENTE,COSTOTOTAL,FECHA, ES_CONFIRMADA) values ('34', '134','854951',to_timestamp('19/06/17 04:34:07,000000000 AM','DD/MM/RR HH12:MI:SSXFF AM'), '0');
Insert into ISIS2304B121720.ORDENES (ID, ID_CLIENTE,COSTOTOTAL,FECHA, ES_CONFIRMADA) values ('35', '135','472600',to_timestamp('22/05/17 10:49:45,000000000 AM','DD/MM/RR HH12:MI:SSXFF AM'), '0');
Insert into ISIS2304B121720.ORDENES (ID, ID_CLIENTE,COSTOTOTAL,FECHA, ES_CONFIRMADA) values ('36', '136','398898',to_timestamp('26/12/16 06:26:34,000000000 AM','DD/MM/RR HH12:MI:SSXFF AM'), '0');
Insert into ISIS2304B121720.ORDENES (ID, ID_CLIENTE,COSTOTOTAL,FECHA, ES_CONFIRMADA) values ('37', '137','895783',to_timestamp('24/06/17 07:30:02,000000000 PM','DD/MM/RR HH12:MI:SSXFF AM'), '0');
Insert into ISIS2304B121720.ORDENES (ID, ID_CLIENTE,COSTOTOTAL,FECHA, ES_CONFIRMADA) values ('38', '138','730514',to_timestamp('07/10/16 01:20:04,000000000 PM','DD/MM/RR HH12:MI:SSXFF AM'), '1');
Insert into ISIS2304B121720.ORDENES (ID, ID_CLIENTE,COSTOTOTAL,FECHA, ES_CONFIRMADA) values ('39', '139','315525',to_timestamp('10/04/17 03:18:05,000000000 AM','DD/MM/RR HH12:MI:SSXFF AM'), '0');
Insert into ISIS2304B121720.ORDENES (ID, ID_CLIENTE,COSTOTOTAL,FECHA, ES_CONFIRMADA) values ('40', '140','641375',to_timestamp('17/09/17 06:10:45,000000000 AM','DD/MM/RR HH12:MI:SSXFF AM'), '0');
commit;
REM INSERTING into ISIS2304B121720.PEDIDOS
SET DEFINE OFF;
Insert into ISIS2304B121720.PEDIDOS (ID,ID_PRODUCTO,FECHA,SERVIDO,ID_ORDEN,ID_RESTAURANTE) values ('1','42',to_timestamp('29/10/16 09:24:51,000000000 PM','DD/MM/RR HH12:MI:SSXFF AM'),'0','28','24');
Insert into ISIS2304B121720.PEDIDOS (ID,ID_PRODUCTO,FECHA,SERVIDO,ID_ORDEN,ID_RESTAURANTE) values ('2','76',to_timestamp('11/04/16 06:50:05,000000000 PM','DD/MM/RR HH12:MI:SSXFF AM'),'0','17','10');
Insert into ISIS2304B121720.PEDIDOS (ID,ID_PRODUCTO,FECHA,SERVIDO,ID_ORDEN,ID_RESTAURANTE) values ('3','9',to_timestamp('04/12/16 03:05:29,000000000 PM','DD/MM/RR HH12:MI:SSXFF AM'),'1','38','5');
Insert into ISIS2304B121720.PEDIDOS (ID,ID_PRODUCTO,FECHA,SERVIDO,ID_ORDEN,ID_RESTAURANTE) values ('4','42',to_timestamp('02/07/15 07:06:54,000000000 PM','DD/MM/RR HH12:MI:SSXFF AM'),'0','29','13');
Insert into ISIS2304B121720.PEDIDOS (ID,ID_PRODUCTO,FECHA,SERVIDO,ID_ORDEN,ID_RESTAURANTE) values ('5','45',to_timestamp('30/10/14 09:14:57,000000000 PM','DD/MM/RR HH12:MI:SSXFF AM'),'0','31','12');
commit;
REM INSERTING into ISIS2304B121720.PREFERENCIAS
SET DEFINE OFF;
Insert into ISIS2304B121720.PREFERENCIAS (ID_CLIENTEFRECUENTE,ID_PRODUCTO) values ('106','48');
Insert into ISIS2304B121720.PREFERENCIAS (ID_CLIENTEFRECUENTE,ID_PRODUCTO) values ('106','54');
Insert into ISIS2304B121720.PREFERENCIAS (ID_CLIENTEFRECUENTE,ID_PRODUCTO) values ('106','55');
Insert into ISIS2304B121720.PREFERENCIAS (ID_CLIENTEFRECUENTE,ID_PRODUCTO) values ('111','39');
Insert into ISIS2304B121720.PREFERENCIAS (ID_CLIENTEFRECUENTE,ID_PRODUCTO) values ('112','41');
Insert into ISIS2304B121720.PREFERENCIAS (ID_CLIENTEFRECUENTE,ID_PRODUCTO) values ('112','76');
Insert into ISIS2304B121720.PREFERENCIAS (ID_CLIENTEFRECUENTE,ID_PRODUCTO) values ('115','20');
Insert into ISIS2304B121720.PREFERENCIAS (ID_CLIENTEFRECUENTE,ID_PRODUCTO) values ('115','98');
Insert into ISIS2304B121720.PREFERENCIAS (ID_CLIENTEFRECUENTE,ID_PRODUCTO) values ('118','50');
Insert into ISIS2304B121720.PREFERENCIAS (ID_CLIENTEFRECUENTE,ID_PRODUCTO) values ('119','57');
Insert into ISIS2304B121720.PREFERENCIAS (ID_CLIENTEFRECUENTE,ID_PRODUCTO) values ('120','3');
Insert into ISIS2304B121720.PREFERENCIAS (ID_CLIENTEFRECUENTE,ID_PRODUCTO) values ('120','70');
commit;

REM INSERTING into ISIS2304B121720.TIPOS
SET DEFINE OFF;
Insert into ISIS2304B121720.TIPOS (ID,NAME) values ('1','Red');
Insert into ISIS2304B121720.TIPOS (ID,NAME) values ('2','Goldenrod');
Insert into ISIS2304B121720.TIPOS (ID,NAME) values ('3','Aquamarine');
Insert into ISIS2304B121720.TIPOS (ID,NAME) values ('4','Fuscia');
Insert into ISIS2304B121720.TIPOS (ID,NAME) values ('5','Orange1');
Insert into ISIS2304B121720.TIPOS (ID,NAME) values ('6','Orange2');
Insert into ISIS2304B121720.TIPOS (ID,NAME) values ('7','Green');
Insert into ISIS2304B121720.TIPOS (ID,NAME) values ('8','Crimson');
Insert into ISIS2304B121720.TIPOS (ID,NAME) values ('9','Pink');
Insert into ISIS2304B121720.TIPOS (ID,NAME) values ('10','Mauv');
Insert into ISIS2304B121720.TIPOS (ID,NAME) values ('11','Indigo');
Insert into ISIS2304B121720.TIPOS (ID,NAME) values ('12','Puce');
Insert into ISIS2304B121720.TIPOS (ID,NAME) values ('13','Orange3');
Insert into ISIS2304B121720.TIPOS (ID,NAME) values ('14','Maroon');
Insert into ISIS2304B121720.TIPOS (ID,NAME) values ('15','Pink2');
Insert into ISIS2304B121720.TIPOS (ID,NAME) values ('16','Violet');
Insert into ISIS2304B121720.TIPOS (ID,NAME) values ('17','Green2');
Insert into ISIS2304B121720.TIPOS (ID,NAME) values ('18','Teal');
Insert into ISIS2304B121720.TIPOS (ID,NAME) values ('19','Blue');
Insert into ISIS2304B121720.TIPOS (ID,NAME) values ('20','Blue1');
commit;



REM INSERTING into ISIS2304B121720.PRODUCTO_RESTAURANTE
SET DEFINE OFF;
Insert into ISIS2304B121720.PRODUCTO_RESTAURANTE (ID_PROD,ID_REST,PRECIO,COSTO_PRODUCCION,CANTIDAD) values ('1','1','82501','41050','458');
Insert into ISIS2304B121720.PRODUCTO_RESTAURANTE (ID_PROD,ID_REST,PRECIO,COSTO_PRODUCCION,CANTIDAD) values ('7','1','19343','99011','229');
Insert into ISIS2304B121720.PRODUCTO_RESTAURANTE (ID_PROD,ID_REST,PRECIO,COSTO_PRODUCCION,CANTIDAD) values ('21','29','97097','2894','837');
Insert into ISIS2304B121720.PRODUCTO_RESTAURANTE (ID_PROD,ID_REST,PRECIO,COSTO_PRODUCCION,CANTIDAD) values ('67','8','84648','53406','315');
Insert into ISIS2304B121720.PRODUCTO_RESTAURANTE (ID_PROD,ID_REST,PRECIO,COSTO_PRODUCCION,CANTIDAD) values ('70','26','40343','88812','809');
Insert into ISIS2304B121720.PRODUCTO_RESTAURANTE (ID_PROD,ID_REST,PRECIO,COSTO_PRODUCCION,CANTIDAD) values ('30','7','19034','66673','190');
Insert into ISIS2304B121720.PRODUCTO_RESTAURANTE (ID_PROD,ID_REST,PRECIO,COSTO_PRODUCCION,CANTIDAD) values ('19','14','28549','52876','43');
Insert into ISIS2304B121720.PRODUCTO_RESTAURANTE (ID_PROD,ID_REST,PRECIO,COSTO_PRODUCCION,CANTIDAD) values ('76','26','93407','26067','690');
Insert into ISIS2304B121720.PRODUCTO_RESTAURANTE (ID_PROD,ID_REST,PRECIO,COSTO_PRODUCCION,CANTIDAD) values ('70','9','2941','1803','518');
Insert into ISIS2304B121720.PRODUCTO_RESTAURANTE (ID_PROD,ID_REST,PRECIO,COSTO_PRODUCCION,CANTIDAD) values ('86','34','21977','30834','461');
Insert into ISIS2304B121720.PRODUCTO_RESTAURANTE (ID_PROD,ID_REST,PRECIO,COSTO_PRODUCCION,CANTIDAD) values ('61','35','54018','31037','849');
Insert into ISIS2304B121720.PRODUCTO_RESTAURANTE (ID_PROD,ID_REST,PRECIO,COSTO_PRODUCCION,CANTIDAD) values ('55','29','98570','71045','920');
Insert into ISIS2304B121720.PRODUCTO_RESTAURANTE (ID_PROD,ID_REST,PRECIO,COSTO_PRODUCCION,CANTIDAD) values ('68','12','49447','39310','465');
Insert into ISIS2304B121720.PRODUCTO_RESTAURANTE (ID_PROD,ID_REST,PRECIO,COSTO_PRODUCCION,CANTIDAD) values ('39','14','85065','29718','879');
Insert into ISIS2304B121720.PRODUCTO_RESTAURANTE (ID_PROD,ID_REST,PRECIO,COSTO_PRODUCCION,CANTIDAD) values ('58','30','34109','76508','523');
Insert into ISIS2304B121720.PRODUCTO_RESTAURANTE (ID_PROD,ID_REST,PRECIO,COSTO_PRODUCCION,CANTIDAD) values ('59','23','6174','5969','723');
Insert into ISIS2304B121720.PRODUCTO_RESTAURANTE (ID_PROD,ID_REST,PRECIO,COSTO_PRODUCCION,CANTIDAD) values ('96','7','55375','85653','671');
Insert into ISIS2304B121720.PRODUCTO_RESTAURANTE (ID_PROD,ID_REST,PRECIO,COSTO_PRODUCCION,CANTIDAD) values ('28','31','17542','52881','809');
Insert into ISIS2304B121720.PRODUCTO_RESTAURANTE (ID_PROD,ID_REST,PRECIO,COSTO_PRODUCCION,CANTIDAD) values ('46','11','58422','15122','218');
Insert into ISIS2304B121720.PRODUCTO_RESTAURANTE (ID_PROD,ID_REST,PRECIO,COSTO_PRODUCCION,CANTIDAD) values ('58','10','88065','17599','321');
Insert into ISIS2304B121720.PRODUCTO_RESTAURANTE (ID_PROD,ID_REST,PRECIO,COSTO_PRODUCCION,CANTIDAD) values ('72','39','24877','64328','637');
Insert into ISIS2304B121720.PRODUCTO_RESTAURANTE (ID_PROD,ID_REST,PRECIO,COSTO_PRODUCCION,CANTIDAD) values ('6','2','89389','49095','21');
Insert into ISIS2304B121720.PRODUCTO_RESTAURANTE (ID_PROD,ID_REST,PRECIO,COSTO_PRODUCCION,CANTIDAD) values ('23','39','3967','23365','334');
Insert into ISIS2304B121720.PRODUCTO_RESTAURANTE (ID_PROD,ID_REST,PRECIO,COSTO_PRODUCCION,CANTIDAD) values ('42','24','14686','53262','618');
Insert into ISIS2304B121720.PRODUCTO_RESTAURANTE (ID_PROD,ID_REST,PRECIO,COSTO_PRODUCCION,CANTIDAD) values ('76','10','10492','45010','748');
Insert into ISIS2304B121720.PRODUCTO_RESTAURANTE (ID_PROD,ID_REST,PRECIO,COSTO_PRODUCCION,CANTIDAD) values ('9','5','18798','99937','76');
Insert into ISIS2304B121720.PRODUCTO_RESTAURANTE (ID_PROD,ID_REST,PRECIO,COSTO_PRODUCCION,CANTIDAD) values ('42','13','75399','62554','724');
Insert into ISIS2304B121720.PRODUCTO_RESTAURANTE (ID_PROD,ID_REST,PRECIO,COSTO_PRODUCCION,CANTIDAD) values ('45','12','60222','33151','177');
Insert into ISIS2304B121720.PRODUCTO_RESTAURANTE (ID_PROD,ID_REST,PRECIO,COSTO_PRODUCCION,CANTIDAD) values ('44','31','7363','66501','765');
Insert into ISIS2304B121720.PRODUCTO_RESTAURANTE (ID_PROD,ID_REST,PRECIO,COSTO_PRODUCCION,CANTIDAD) values ('29','35','34028','63079','786');
Insert into ISIS2304B121720.PRODUCTO_RESTAURANTE (ID_PROD,ID_REST,PRECIO,COSTO_PRODUCCION,CANTIDAD) values ('89','12','79846','42131','943');
Insert into ISIS2304B121720.PRODUCTO_RESTAURANTE (ID_PROD,ID_REST,PRECIO,COSTO_PRODUCCION,CANTIDAD) values ('18','23','9739','15180','715');
Insert into ISIS2304B121720.PRODUCTO_RESTAURANTE (ID_PROD,ID_REST,PRECIO,COSTO_PRODUCCION,CANTIDAD) values ('33','21','1278','16866','314');
Insert into ISIS2304B121720.PRODUCTO_RESTAURANTE (ID_PROD,ID_REST,PRECIO,COSTO_PRODUCCION,CANTIDAD) values ('5','4','51361','55164','819');
Insert into ISIS2304B121720.PRODUCTO_RESTAURANTE (ID_PROD,ID_REST,PRECIO,COSTO_PRODUCCION,CANTIDAD) values ('68','11','82804','83380','476');
Insert into ISIS2304B121720.PRODUCTO_RESTAURANTE (ID_PROD,ID_REST,PRECIO,COSTO_PRODUCCION,CANTIDAD) values ('83','1','35174','66096','658');
Insert into ISIS2304B121720.PRODUCTO_RESTAURANTE (ID_PROD,ID_REST,PRECIO,COSTO_PRODUCCION,CANTIDAD) values ('87','15','20069','98180','997');
Insert into ISIS2304B121720.PRODUCTO_RESTAURANTE (ID_PROD,ID_REST,PRECIO,COSTO_PRODUCCION,CANTIDAD) values ('53','36','25488','61103','846');
Insert into ISIS2304B121720.PRODUCTO_RESTAURANTE (ID_PROD,ID_REST,PRECIO,COSTO_PRODUCCION,CANTIDAD) values ('23','29','21146','23249','761');
Insert into ISIS2304B121720.PRODUCTO_RESTAURANTE (ID_PROD,ID_REST,PRECIO,COSTO_PRODUCCION,CANTIDAD) values ('21','40','99553','43026','303');
Insert into ISIS2304B121720.PRODUCTO_RESTAURANTE (ID_PROD,ID_REST,PRECIO,COSTO_PRODUCCION,CANTIDAD) values ('96','28','14982','68813','935');
Insert into ISIS2304B121720.PRODUCTO_RESTAURANTE (ID_PROD,ID_REST,PRECIO,COSTO_PRODUCCION,CANTIDAD) values ('63','32','53426','79016','215');
Insert into ISIS2304B121720.PRODUCTO_RESTAURANTE (ID_PROD,ID_REST,PRECIO,COSTO_PRODUCCION,CANTIDAD) values ('24','8','85209','62643','338');
Insert into ISIS2304B121720.PRODUCTO_RESTAURANTE (ID_PROD,ID_REST,PRECIO,COSTO_PRODUCCION,CANTIDAD) values ('94','1','11421','14107','758');
Insert into ISIS2304B121720.PRODUCTO_RESTAURANTE (ID_PROD,ID_REST,PRECIO,COSTO_PRODUCCION,CANTIDAD) values ('28','26','62824','49559','905');
Insert into ISIS2304B121720.PRODUCTO_RESTAURANTE (ID_PROD,ID_REST,PRECIO,COSTO_PRODUCCION,CANTIDAD) values ('70','34','74317','88087','672');
Insert into ISIS2304B121720.PRODUCTO_RESTAURANTE (ID_PROD,ID_REST,PRECIO,COSTO_PRODUCCION,CANTIDAD) values ('4','29','9189','45725','857');
Insert into ISIS2304B121720.PRODUCTO_RESTAURANTE (ID_PROD,ID_REST,PRECIO,COSTO_PRODUCCION,CANTIDAD) values ('87','35','47904','86692','773');
Insert into ISIS2304B121720.PRODUCTO_RESTAURANTE (ID_PROD,ID_REST,PRECIO,COSTO_PRODUCCION,CANTIDAD) values ('38','22','60312','46276','198');
Insert into ISIS2304B121720.PRODUCTO_RESTAURANTE (ID_PROD,ID_REST,PRECIO,COSTO_PRODUCCION,CANTIDAD) values ('80','29','28965','81819','968');
Insert into ISIS2304B121720.PRODUCTO_RESTAURANTE (ID_PROD,ID_REST,PRECIO,COSTO_PRODUCCION,CANTIDAD) values ('23','24','3856','46879','501');
Insert into ISIS2304B121720.PRODUCTO_RESTAURANTE (ID_PROD,ID_REST,PRECIO,COSTO_PRODUCCION,CANTIDAD) values ('50','15','8808','33348','181');
Insert into ISIS2304B121720.PRODUCTO_RESTAURANTE (ID_PROD,ID_REST,PRECIO,COSTO_PRODUCCION,CANTIDAD) values ('32','38','98683','58927','535');
Insert into ISIS2304B121720.PRODUCTO_RESTAURANTE (ID_PROD,ID_REST,PRECIO,COSTO_PRODUCCION,CANTIDAD) values ('35','13','70311','48127','913');
Insert into ISIS2304B121720.PRODUCTO_RESTAURANTE (ID_PROD,ID_REST,PRECIO,COSTO_PRODUCCION,CANTIDAD) values ('45','25','34981','41944','454');
Insert into ISIS2304B121720.PRODUCTO_RESTAURANTE (ID_PROD,ID_REST,PRECIO,COSTO_PRODUCCION,CANTIDAD) values ('48','32','22449','84101','976');
Insert into ISIS2304B121720.PRODUCTO_RESTAURANTE (ID_PROD,ID_REST,PRECIO,COSTO_PRODUCCION,CANTIDAD) values ('80','26','27939','80663','768');
Insert into ISIS2304B121720.PRODUCTO_RESTAURANTE (ID_PROD,ID_REST,PRECIO,COSTO_PRODUCCION,CANTIDAD) values ('100','33','45160','45067','151');
Insert into ISIS2304B121720.PRODUCTO_RESTAURANTE (ID_PROD,ID_REST,PRECIO,COSTO_PRODUCCION,CANTIDAD) values ('49','7','84966','35297','190');
Insert into ISIS2304B121720.PRODUCTO_RESTAURANTE (ID_PROD,ID_REST,PRECIO,COSTO_PRODUCCION,CANTIDAD) values ('80','10','76535','84056','651');
Insert into ISIS2304B121720.PRODUCTO_RESTAURANTE (ID_PROD,ID_REST,PRECIO,COSTO_PRODUCCION,CANTIDAD) values ('80','31','32407','55373','921');
Insert into ISIS2304B121720.PRODUCTO_RESTAURANTE (ID_PROD,ID_REST,PRECIO,COSTO_PRODUCCION,CANTIDAD) values ('26','19','40900','52818','346');
Insert into ISIS2304B121720.PRODUCTO_RESTAURANTE (ID_PROD,ID_REST,PRECIO,COSTO_PRODUCCION,CANTIDAD) values ('66','25','50239','85680','708');
Insert into ISIS2304B121720.PRODUCTO_RESTAURANTE (ID_PROD,ID_REST,PRECIO,COSTO_PRODUCCION,CANTIDAD) values ('79','24','17539','91305','284');
Insert into ISIS2304B121720.PRODUCTO_RESTAURANTE (ID_PROD,ID_REST,PRECIO,COSTO_PRODUCCION,CANTIDAD) values ('12','19','51106','49273','811');
Insert into ISIS2304B121720.PRODUCTO_RESTAURANTE (ID_PROD,ID_REST,PRECIO,COSTO_PRODUCCION,CANTIDAD) values ('66','9','59300','25110','678');
Insert into ISIS2304B121720.PRODUCTO_RESTAURANTE (ID_PROD,ID_REST,PRECIO,COSTO_PRODUCCION,CANTIDAD) values ('79','17','99566','40099','267');
Insert into ISIS2304B121720.PRODUCTO_RESTAURANTE (ID_PROD,ID_REST,PRECIO,COSTO_PRODUCCION,CANTIDAD) values ('79','21','18580','90005','509');
Insert into ISIS2304B121720.PRODUCTO_RESTAURANTE (ID_PROD,ID_REST,PRECIO,COSTO_PRODUCCION,CANTIDAD) values ('30','37','71400','38446','301');
Insert into ISIS2304B121720.PRODUCTO_RESTAURANTE (ID_PROD,ID_REST,PRECIO,COSTO_PRODUCCION,CANTIDAD) values ('39','7','94075','31422','608');
Insert into ISIS2304B121720.PRODUCTO_RESTAURANTE (ID_PROD,ID_REST,PRECIO,COSTO_PRODUCCION,CANTIDAD) values ('43','13','57904','45162','166');
Insert into ISIS2304B121720.PRODUCTO_RESTAURANTE (ID_PROD,ID_REST,PRECIO,COSTO_PRODUCCION,CANTIDAD) values ('75','13','56276','9343','826');
Insert into ISIS2304B121720.PRODUCTO_RESTAURANTE (ID_PROD,ID_REST,PRECIO,COSTO_PRODUCCION,CANTIDAD) values ('42','12','70426','20106','822');
Insert into ISIS2304B121720.PRODUCTO_RESTAURANTE (ID_PROD,ID_REST,PRECIO,COSTO_PRODUCCION,CANTIDAD) values ('97','30','45955','62619','751');
Insert into ISIS2304B121720.PRODUCTO_RESTAURANTE (ID_PROD,ID_REST,PRECIO,COSTO_PRODUCCION,CANTIDAD) values ('92','2','25612','44148','120');
Insert into ISIS2304B121720.PRODUCTO_RESTAURANTE (ID_PROD,ID_REST,PRECIO,COSTO_PRODUCCION,CANTIDAD) values ('43','31','5533','87227','334');
Insert into ISIS2304B121720.PRODUCTO_RESTAURANTE (ID_PROD,ID_REST,PRECIO,COSTO_PRODUCCION,CANTIDAD) values ('26','2','93916','45027','334');
Insert into ISIS2304B121720.PRODUCTO_RESTAURANTE (ID_PROD,ID_REST,PRECIO,COSTO_PRODUCCION,CANTIDAD) values ('24','31','94299','46120','357');
Insert into ISIS2304B121720.PRODUCTO_RESTAURANTE (ID_PROD,ID_REST,PRECIO,COSTO_PRODUCCION,CANTIDAD) values ('1','8','11036','15129','486');
Insert into ISIS2304B121720.PRODUCTO_RESTAURANTE (ID_PROD,ID_REST,PRECIO,COSTO_PRODUCCION,CANTIDAD) values ('78','17','23605','37413','622');
Insert into ISIS2304B121720.PRODUCTO_RESTAURANTE (ID_PROD,ID_REST,PRECIO,COSTO_PRODUCCION,CANTIDAD) values ('68','4','54967','27852','316');
Insert into ISIS2304B121720.PRODUCTO_RESTAURANTE (ID_PROD,ID_REST,PRECIO,COSTO_PRODUCCION,CANTIDAD) values ('46','10','57538','37594','521');
Insert into ISIS2304B121720.PRODUCTO_RESTAURANTE (ID_PROD,ID_REST,PRECIO,COSTO_PRODUCCION,CANTIDAD) values ('51','9','13013','27970','730');
Insert into ISIS2304B121720.PRODUCTO_RESTAURANTE (ID_PROD,ID_REST,PRECIO,COSTO_PRODUCCION,CANTIDAD) values ('6','34','8635','63673','753');
Insert into ISIS2304B121720.PRODUCTO_RESTAURANTE (ID_PROD,ID_REST,PRECIO,COSTO_PRODUCCION,CANTIDAD) values ('16','25','99176','41993','338');
Insert into ISIS2304B121720.PRODUCTO_RESTAURANTE (ID_PROD,ID_REST,PRECIO,COSTO_PRODUCCION,CANTIDAD) values ('17','3','30035','65905','351');
Insert into ISIS2304B121720.PRODUCTO_RESTAURANTE (ID_PROD,ID_REST,PRECIO,COSTO_PRODUCCION,CANTIDAD) values ('96','12','23620','90373','867');
Insert into ISIS2304B121720.PRODUCTO_RESTAURANTE (ID_PROD,ID_REST,PRECIO,COSTO_PRODUCCION,CANTIDAD) values ('95','39','96475','65048','273');
Insert into ISIS2304B121720.PRODUCTO_RESTAURANTE (ID_PROD,ID_REST,PRECIO,COSTO_PRODUCCION,CANTIDAD) values ('24','3','17374','74646','360');
Insert into ISIS2304B121720.PRODUCTO_RESTAURANTE (ID_PROD,ID_REST,PRECIO,COSTO_PRODUCCION,CANTIDAD) values ('3','10','25216','44580','996');
Insert into ISIS2304B121720.PRODUCTO_RESTAURANTE (ID_PROD,ID_REST,PRECIO,COSTO_PRODUCCION,CANTIDAD) values ('82','24','86885','42083','891');
Insert into ISIS2304B121720.PRODUCTO_RESTAURANTE (ID_PROD,ID_REST,PRECIO,COSTO_PRODUCCION,CANTIDAD) values ('69','39','43718','35665','798');
Insert into ISIS2304B121720.PRODUCTO_RESTAURANTE (ID_PROD,ID_REST,PRECIO,COSTO_PRODUCCION,CANTIDAD) values ('56','3','15957','1887','151');
Insert into ISIS2304B121720.PRODUCTO_RESTAURANTE (ID_PROD,ID_REST,PRECIO,COSTO_PRODUCCION,CANTIDAD) values ('51','18','42859','11517','701');
Insert into ISIS2304B121720.PRODUCTO_RESTAURANTE (ID_PROD,ID_REST,PRECIO,COSTO_PRODUCCION,CANTIDAD) values ('44','18','29646','28236','202');
Insert into ISIS2304B121720.PRODUCTO_RESTAURANTE (ID_PROD,ID_REST,PRECIO,COSTO_PRODUCCION,CANTIDAD) values ('49','6','91577','59581','234');
Insert into ISIS2304B121720.PRODUCTO_RESTAURANTE (ID_PROD,ID_REST,PRECIO,COSTO_PRODUCCION,CANTIDAD) values ('80','3','75134','21316','433');
Insert into ISIS2304B121720.PRODUCTO_RESTAURANTE (ID_PROD,ID_REST,PRECIO,COSTO_PRODUCCION,CANTIDAD) values ('32','36','58196','36684','635');
Insert into ISIS2304B121720.PRODUCTO_RESTAURANTE (ID_PROD,ID_REST,PRECIO,COSTO_PRODUCCION,CANTIDAD) values ('33','32','55959','91689','859');
Insert into ISIS2304B121720.PRODUCTO_RESTAURANTE (ID_PROD,ID_REST,PRECIO,COSTO_PRODUCCION,CANTIDAD) values ('79','6','10138','57940','646');
commit;
Insert into ISIS2304B121720.PRODUCTO_RESTAURANTE (ID_PROD,ID_REST,PRECIO,COSTO_PRODUCCION,CANTIDAD) values ('68','40','44520','52452','229');
Insert into ISIS2304B121720.PRODUCTO_RESTAURANTE (ID_PROD,ID_REST,PRECIO,COSTO_PRODUCCION,CANTIDAD) values ('21','31','7544','64574','755');
Insert into ISIS2304B121720.PRODUCTO_RESTAURANTE (ID_PROD,ID_REST,PRECIO,COSTO_PRODUCCION,CANTIDAD) values ('19','8','73823','37456','518');
Insert into ISIS2304B121720.PRODUCTO_RESTAURANTE (ID_PROD,ID_REST,PRECIO,COSTO_PRODUCCION,CANTIDAD) values ('70','1','37366','77024','104');
Insert into ISIS2304B121720.PRODUCTO_RESTAURANTE (ID_PROD,ID_REST,PRECIO,COSTO_PRODUCCION,CANTIDAD) values ('13','2','11334','74116','38');
Insert into ISIS2304B121720.PRODUCTO_RESTAURANTE (ID_PROD,ID_REST,PRECIO,COSTO_PRODUCCION,CANTIDAD) values ('37','3','56595','19494','116');
Insert into ISIS2304B121720.PRODUCTO_RESTAURANTE (ID_PROD,ID_REST,PRECIO,COSTO_PRODUCCION,CANTIDAD) values ('37','24','7613','74727','8');
Insert into ISIS2304B121720.PRODUCTO_RESTAURANTE (ID_PROD,ID_REST,PRECIO,COSTO_PRODUCCION,CANTIDAD) values ('1','37','3954','51859','277');
Insert into ISIS2304B121720.PRODUCTO_RESTAURANTE (ID_PROD,ID_REST,PRECIO,COSTO_PRODUCCION,CANTIDAD) values ('17','25','77853','78648','782');
Insert into ISIS2304B121720.PRODUCTO_RESTAURANTE (ID_PROD,ID_REST,PRECIO,COSTO_PRODUCCION,CANTIDAD) values ('56','24','77358','14992','674');
Insert into ISIS2304B121720.PRODUCTO_RESTAURANTE (ID_PROD,ID_REST,PRECIO,COSTO_PRODUCCION,CANTIDAD) values ('61','20','17046','64019','80');
Insert into ISIS2304B121720.PRODUCTO_RESTAURANTE (ID_PROD,ID_REST,PRECIO,COSTO_PRODUCCION,CANTIDAD) values ('92','4','66573','93262','126');
Insert into ISIS2304B121720.PRODUCTO_RESTAURANTE (ID_PROD,ID_REST,PRECIO,COSTO_PRODUCCION,CANTIDAD) values ('55','24','73620','57132','266');
Insert into ISIS2304B121720.PRODUCTO_RESTAURANTE (ID_PROD,ID_REST,PRECIO,COSTO_PRODUCCION,CANTIDAD) values ('63','22','14139','72726','683');
Insert into ISIS2304B121720.PRODUCTO_RESTAURANTE (ID_PROD,ID_REST,PRECIO,COSTO_PRODUCCION,CANTIDAD) values ('16','3','4454','19383','987');
Insert into ISIS2304B121720.PRODUCTO_RESTAURANTE (ID_PROD,ID_REST,PRECIO,COSTO_PRODUCCION,CANTIDAD) values ('34','32','41700','99246','869');
Insert into ISIS2304B121720.PRODUCTO_RESTAURANTE (ID_PROD,ID_REST,PRECIO,COSTO_PRODUCCION,CANTIDAD) values ('93','12','11612','68290','776');
Insert into ISIS2304B121720.PRODUCTO_RESTAURANTE (ID_PROD,ID_REST,PRECIO,COSTO_PRODUCCION,CANTIDAD) values ('5','16','17143','70216','730');
Insert into ISIS2304B121720.PRODUCTO_RESTAURANTE (ID_PROD,ID_REST,PRECIO,COSTO_PRODUCCION,CANTIDAD) values ('33','38','30861','56208','388');
Insert into ISIS2304B121720.PRODUCTO_RESTAURANTE (ID_PROD,ID_REST,PRECIO,COSTO_PRODUCCION,CANTIDAD) values ('96','11','17383','7200','370');
Insert into ISIS2304B121720.PRODUCTO_RESTAURANTE (ID_PROD,ID_REST,PRECIO,COSTO_PRODUCCION,CANTIDAD) values ('89','13','85087','80122','7');
Insert into ISIS2304B121720.PRODUCTO_RESTAURANTE (ID_PROD,ID_REST,PRECIO,COSTO_PRODUCCION,CANTIDAD) values ('31','12','68644','66231','360');
Insert into ISIS2304B121720.PRODUCTO_RESTAURANTE (ID_PROD,ID_REST,PRECIO,COSTO_PRODUCCION,CANTIDAD) values ('65','25','84910','72834','377');
Insert into ISIS2304B121720.PRODUCTO_RESTAURANTE (ID_PROD,ID_REST,PRECIO,COSTO_PRODUCCION,CANTIDAD) values ('29','19','23058','73802','95');
Insert into ISIS2304B121720.PRODUCTO_RESTAURANTE (ID_PROD,ID_REST,PRECIO,COSTO_PRODUCCION,CANTIDAD) values ('33','15','4391','56115','24');
Insert into ISIS2304B121720.PRODUCTO_RESTAURANTE (ID_PROD,ID_REST,PRECIO,COSTO_PRODUCCION,CANTIDAD) values ('78','13','14719','87099','51');
Insert into ISIS2304B121720.PRODUCTO_RESTAURANTE (ID_PROD,ID_REST,PRECIO,COSTO_PRODUCCION,CANTIDAD) values ('7','16','93442','50846','160');
Insert into ISIS2304B121720.PRODUCTO_RESTAURANTE (ID_PROD,ID_REST,PRECIO,COSTO_PRODUCCION,CANTIDAD) values ('54','16','5783','44766','42');
Insert into ISIS2304B121720.PRODUCTO_RESTAURANTE (ID_PROD,ID_REST,PRECIO,COSTO_PRODUCCION,CANTIDAD) values ('23','16','23970','19324','193');
Insert into ISIS2304B121720.PRODUCTO_RESTAURANTE (ID_PROD,ID_REST,PRECIO,COSTO_PRODUCCION,CANTIDAD) values ('57','18','7507','26706','984');
Insert into ISIS2304B121720.PRODUCTO_RESTAURANTE (ID_PROD,ID_REST,PRECIO,COSTO_PRODUCCION,CANTIDAD) values ('31','27','6516','86629','642');
Insert into ISIS2304B121720.PRODUCTO_RESTAURANTE (ID_PROD,ID_REST,PRECIO,COSTO_PRODUCCION,CANTIDAD) values ('55','6','69134','87174','380');
Insert into ISIS2304B121720.PRODUCTO_RESTAURANTE (ID_PROD,ID_REST,PRECIO,COSTO_PRODUCCION,CANTIDAD) values ('16','28','91336','41318','729');
Insert into ISIS2304B121720.PRODUCTO_RESTAURANTE (ID_PROD,ID_REST,PRECIO,COSTO_PRODUCCION,CANTIDAD) values ('68','20','64601','19942','445');
Insert into ISIS2304B121720.PRODUCTO_RESTAURANTE (ID_PROD,ID_REST,PRECIO,COSTO_PRODUCCION,CANTIDAD) values ('75','32','66003','28858','580');
Insert into ISIS2304B121720.PRODUCTO_RESTAURANTE (ID_PROD,ID_REST,PRECIO,COSTO_PRODUCCION,CANTIDAD) values ('36','18','74954','4299','153');
Insert into ISIS2304B121720.PRODUCTO_RESTAURANTE (ID_PROD,ID_REST,PRECIO,COSTO_PRODUCCION,CANTIDAD) values ('91','40','9741','26051','56');
Insert into ISIS2304B121720.PRODUCTO_RESTAURANTE (ID_PROD,ID_REST,PRECIO,COSTO_PRODUCCION,CANTIDAD) values ('38','11','64983','87588','212');
Insert into ISIS2304B121720.PRODUCTO_RESTAURANTE (ID_PROD,ID_REST,PRECIO,COSTO_PRODUCCION,CANTIDAD) values ('67','11','58313','87576','801');
Insert into ISIS2304B121720.PRODUCTO_RESTAURANTE (ID_PROD,ID_REST,PRECIO,COSTO_PRODUCCION,CANTIDAD) values ('55','2','79488','79649','731');
Insert into ISIS2304B121720.PRODUCTO_RESTAURANTE (ID_PROD,ID_REST,PRECIO,COSTO_PRODUCCION,CANTIDAD) values ('89','35','96475','49073','373');
Insert into ISIS2304B121720.PRODUCTO_RESTAURANTE (ID_PROD,ID_REST,PRECIO,COSTO_PRODUCCION,CANTIDAD) values ('79','5','5881','66044','665');
Insert into ISIS2304B121720.PRODUCTO_RESTAURANTE (ID_PROD,ID_REST,PRECIO,COSTO_PRODUCCION,CANTIDAD) values ('42','31','71532','53797','25');
Insert into ISIS2304B121720.PRODUCTO_RESTAURANTE (ID_PROD,ID_REST,PRECIO,COSTO_PRODUCCION,CANTIDAD) values ('59','12','50297','85100','115');
Insert into ISIS2304B121720.PRODUCTO_RESTAURANTE (ID_PROD,ID_REST,PRECIO,COSTO_PRODUCCION,CANTIDAD) values ('12','32','55762','59874','40');
Insert into ISIS2304B121720.PRODUCTO_RESTAURANTE (ID_PROD,ID_REST,PRECIO,COSTO_PRODUCCION,CANTIDAD) values ('29','29','98127','86024','9');
Insert into ISIS2304B121720.PRODUCTO_RESTAURANTE (ID_PROD,ID_REST,PRECIO,COSTO_PRODUCCION,CANTIDAD) values ('37','10','69597','46902','308');
Insert into ISIS2304B121720.PRODUCTO_RESTAURANTE (ID_PROD,ID_REST,PRECIO,COSTO_PRODUCCION,CANTIDAD) values ('45','20','59888','49489','122');
Insert into ISIS2304B121720.PRODUCTO_RESTAURANTE (ID_PROD,ID_REST,PRECIO,COSTO_PRODUCCION,CANTIDAD) values ('93','9','92964','23944','392');
Insert into ISIS2304B121720.PRODUCTO_RESTAURANTE (ID_PROD,ID_REST,PRECIO,COSTO_PRODUCCION,CANTIDAD) values ('95','30','10430','59810','889');
Insert into ISIS2304B121720.PRODUCTO_RESTAURANTE (ID_PROD,ID_REST,PRECIO,COSTO_PRODUCCION,CANTIDAD) values ('17','31','53018','39125','179');
Insert into ISIS2304B121720.PRODUCTO_RESTAURANTE (ID_PROD,ID_REST,PRECIO,COSTO_PRODUCCION,CANTIDAD) values ('54','31','58917','53291','796');
Insert into ISIS2304B121720.PRODUCTO_RESTAURANTE (ID_PROD,ID_REST,PRECIO,COSTO_PRODUCCION,CANTIDAD) values ('34','1','14423','65637','990');
Insert into ISIS2304B121720.PRODUCTO_RESTAURANTE (ID_PROD,ID_REST,PRECIO,COSTO_PRODUCCION,CANTIDAD) values ('8','34','85695','21148','623');
Insert into ISIS2304B121720.PRODUCTO_RESTAURANTE (ID_PROD,ID_REST,PRECIO,COSTO_PRODUCCION,CANTIDAD) values ('92','14','78917','86088','986');
Insert into ISIS2304B121720.PRODUCTO_RESTAURANTE (ID_PROD,ID_REST,PRECIO,COSTO_PRODUCCION,CANTIDAD) values ('10','33','37839','83619','917');
Insert into ISIS2304B121720.PRODUCTO_RESTAURANTE (ID_PROD,ID_REST,PRECIO,COSTO_PRODUCCION,CANTIDAD) values ('38','25','26273','91147','582');
Insert into ISIS2304B121720.PRODUCTO_RESTAURANTE (ID_PROD,ID_REST,PRECIO,COSTO_PRODUCCION,CANTIDAD) values ('77','35','67914','20880','440');
Insert into ISIS2304B121720.PRODUCTO_RESTAURANTE (ID_PROD,ID_REST,PRECIO,COSTO_PRODUCCION,CANTIDAD) values ('23','25','4900','43052','43');
Insert into ISIS2304B121720.PRODUCTO_RESTAURANTE (ID_PROD,ID_REST,PRECIO,COSTO_PRODUCCION,CANTIDAD) values ('3','25','6211','7731','824');
Insert into ISIS2304B121720.PRODUCTO_RESTAURANTE (ID_PROD,ID_REST,PRECIO,COSTO_PRODUCCION,CANTIDAD) values ('74','5','72525','24520','70');
Insert into ISIS2304B121720.PRODUCTO_RESTAURANTE (ID_PROD,ID_REST,PRECIO,COSTO_PRODUCCION,CANTIDAD) values ('30','16','40638','67927','797');
Insert into ISIS2304B121720.PRODUCTO_RESTAURANTE (ID_PROD,ID_REST,PRECIO,COSTO_PRODUCCION,CANTIDAD) values ('55','3','85696','22898','641');
Insert into ISIS2304B121720.PRODUCTO_RESTAURANTE (ID_PROD,ID_REST,PRECIO,COSTO_PRODUCCION,CANTIDAD) values ('49','9','39019','2446','906');
Insert into ISIS2304B121720.PRODUCTO_RESTAURANTE (ID_PROD,ID_REST,PRECIO,COSTO_PRODUCCION,CANTIDAD) values ('34','24','1318','47287','458');
Insert into ISIS2304B121720.PRODUCTO_RESTAURANTE (ID_PROD,ID_REST,PRECIO,COSTO_PRODUCCION,CANTIDAD) values ('88','11','1277','42345','185');
Insert into ISIS2304B121720.PRODUCTO_RESTAURANTE (ID_PROD,ID_REST,PRECIO,COSTO_PRODUCCION,CANTIDAD) values ('71','36','72963','8347','401');
Insert into ISIS2304B121720.PRODUCTO_RESTAURANTE (ID_PROD,ID_REST,PRECIO,COSTO_PRODUCCION,CANTIDAD) values ('80','39','54780','43303','83');
Insert into ISIS2304B121720.PRODUCTO_RESTAURANTE (ID_PROD,ID_REST,PRECIO,COSTO_PRODUCCION,CANTIDAD) values ('49','35','73392','58258','291');
Insert into ISIS2304B121720.PRODUCTO_RESTAURANTE (ID_PROD,ID_REST,PRECIO,COSTO_PRODUCCION,CANTIDAD) values ('56','19','44414','55728','772');
Insert into ISIS2304B121720.PRODUCTO_RESTAURANTE (ID_PROD,ID_REST,PRECIO,COSTO_PRODUCCION,CANTIDAD) values ('50','36','50869','16974','270');
Insert into ISIS2304B121720.PRODUCTO_RESTAURANTE (ID_PROD,ID_REST,PRECIO,COSTO_PRODUCCION,CANTIDAD) values ('17','39','45375','15757','154');
Insert into ISIS2304B121720.PRODUCTO_RESTAURANTE (ID_PROD,ID_REST,PRECIO,COSTO_PRODUCCION,CANTIDAD) values ('68','8','47674','18825','327');
Insert into ISIS2304B121720.PRODUCTO_RESTAURANTE (ID_PROD,ID_REST,PRECIO,COSTO_PRODUCCION,CANTIDAD) values ('90','3','78113','29948','940');
Insert into ISIS2304B121720.PRODUCTO_RESTAURANTE (ID_PROD,ID_REST,PRECIO,COSTO_PRODUCCION,CANTIDAD) values ('35','35','86909','60618','154');
Insert into ISIS2304B121720.PRODUCTO_RESTAURANTE (ID_PROD,ID_REST,PRECIO,COSTO_PRODUCCION,CANTIDAD) values ('36','19','90060','24572','159');
Insert into ISIS2304B121720.PRODUCTO_RESTAURANTE (ID_PROD,ID_REST,PRECIO,COSTO_PRODUCCION,CANTIDAD) values ('89','14','68900','62174','481');
Insert into ISIS2304B121720.PRODUCTO_RESTAURANTE (ID_PROD,ID_REST,PRECIO,COSTO_PRODUCCION,CANTIDAD) values ('1','38','31119','35216','925');
Insert into ISIS2304B121720.PRODUCTO_RESTAURANTE (ID_PROD,ID_REST,PRECIO,COSTO_PRODUCCION,CANTIDAD) values ('70','38','89577','22739','299');
Insert into ISIS2304B121720.PRODUCTO_RESTAURANTE (ID_PROD,ID_REST,PRECIO,COSTO_PRODUCCION,CANTIDAD) values ('83','31','79540','24969','916');
Insert into ISIS2304B121720.PRODUCTO_RESTAURANTE (ID_PROD,ID_REST,PRECIO,COSTO_PRODUCCION,CANTIDAD) values ('40','22','41705','28997','603');
Insert into ISIS2304B121720.PRODUCTO_RESTAURANTE (ID_PROD,ID_REST,PRECIO,COSTO_PRODUCCION,CANTIDAD) values ('26','30','46287','42569','391');
Insert into ISIS2304B121720.PRODUCTO_RESTAURANTE (ID_PROD,ID_REST,PRECIO,COSTO_PRODUCCION,CANTIDAD) values ('48','7','17807','23990','834');
Insert into ISIS2304B121720.PRODUCTO_RESTAURANTE (ID_PROD,ID_REST,PRECIO,COSTO_PRODUCCION,CANTIDAD) values ('76','6','82062','41948','345');
Insert into ISIS2304B121720.PRODUCTO_RESTAURANTE (ID_PROD,ID_REST,PRECIO,COSTO_PRODUCCION,CANTIDAD) values ('39','22','13361','72595','262');
Insert into ISIS2304B121720.PRODUCTO_RESTAURANTE (ID_PROD,ID_REST,PRECIO,COSTO_PRODUCCION,CANTIDAD) values ('20','23','33308','46386','772');
Insert into ISIS2304B121720.PRODUCTO_RESTAURANTE (ID_PROD,ID_REST,PRECIO,COSTO_PRODUCCION,CANTIDAD) values ('31','20','2788','35931','945');
Insert into ISIS2304B121720.PRODUCTO_RESTAURANTE (ID_PROD,ID_REST,PRECIO,COSTO_PRODUCCION,CANTIDAD) values ('46','5','61501','87628','362');
Insert into ISIS2304B121720.PRODUCTO_RESTAURANTE (ID_PROD,ID_REST,PRECIO,COSTO_PRODUCCION,CANTIDAD) values ('37','32','35464','47113','158');
Insert into ISIS2304B121720.PRODUCTO_RESTAURANTE (ID_PROD,ID_REST,PRECIO,COSTO_PRODUCCION,CANTIDAD) values ('94','14','41250','64627','205');
Insert into ISIS2304B121720.PRODUCTO_RESTAURANTE (ID_PROD,ID_REST,PRECIO,COSTO_PRODUCCION,CANTIDAD) values ('60','9','50825','12748','767');
Insert into ISIS2304B121720.PRODUCTO_RESTAURANTE (ID_PROD,ID_REST,PRECIO,COSTO_PRODUCCION,CANTIDAD) values ('16','20','79994','10911','349');
Insert into ISIS2304B121720.PRODUCTO_RESTAURANTE (ID_PROD,ID_REST,PRECIO,COSTO_PRODUCCION,CANTIDAD) values ('43','22','68141','91337','493');
Insert into ISIS2304B121720.PRODUCTO_RESTAURANTE (ID_PROD,ID_REST,PRECIO,COSTO_PRODUCCION,CANTIDAD) values ('32','20','75011','63773','611');
Insert into ISIS2304B121720.PRODUCTO_RESTAURANTE (ID_PROD,ID_REST,PRECIO,COSTO_PRODUCCION,CANTIDAD) values ('90','34','32900','7192','72');
Insert into ISIS2304B121720.PRODUCTO_RESTAURANTE (ID_PROD,ID_REST,PRECIO,COSTO_PRODUCCION,CANTIDAD) values ('68','25','7713','86033','291');
Insert into ISIS2304B121720.PRODUCTO_RESTAURANTE (ID_PROD,ID_REST,PRECIO,COSTO_PRODUCCION,CANTIDAD) values ('44','25','52973','68275','86');
Insert into ISIS2304B121720.PRODUCTO_RESTAURANTE (ID_PROD,ID_REST,PRECIO,COSTO_PRODUCCION,CANTIDAD) values ('50','29','72887','97794','714');
Insert into ISIS2304B121720.PRODUCTO_RESTAURANTE (ID_PROD,ID_REST,PRECIO,COSTO_PRODUCCION,CANTIDAD) values ('76','40','62211','1274','415');
Insert into ISIS2304B121720.PRODUCTO_RESTAURANTE (ID_PROD,ID_REST,PRECIO,COSTO_PRODUCCION,CANTIDAD) values ('32','8','19479','32690','858');
commit;
Insert into ISIS2304B121720.PRODUCTO_RESTAURANTE (ID_PROD,ID_REST,PRECIO,COSTO_PRODUCCION,CANTIDAD) values ('9','19','81296','79035','345');
Insert into ISIS2304B121720.PRODUCTO_RESTAURANTE (ID_PROD,ID_REST,PRECIO,COSTO_PRODUCCION,CANTIDAD) values ('28','32','91147','51278','508');
Insert into ISIS2304B121720.PRODUCTO_RESTAURANTE (ID_PROD,ID_REST,PRECIO,COSTO_PRODUCCION,CANTIDAD) values ('89','32','35909','53869','999');
Insert into ISIS2304B121720.PRODUCTO_RESTAURANTE (ID_PROD,ID_REST,PRECIO,COSTO_PRODUCCION,CANTIDAD) values ('46','24','86019','54997','163');
Insert into ISIS2304B121720.PRODUCTO_RESTAURANTE (ID_PROD,ID_REST,PRECIO,COSTO_PRODUCCION,CANTIDAD) values ('6','27','48127','86868','940');
Insert into ISIS2304B121720.PRODUCTO_RESTAURANTE (ID_PROD,ID_REST,PRECIO,COSTO_PRODUCCION,CANTIDAD) values ('63','7','29870','41943','64');
Insert into ISIS2304B121720.PRODUCTO_RESTAURANTE (ID_PROD,ID_REST,PRECIO,COSTO_PRODUCCION,CANTIDAD) values ('74','27','48878','53230','598');
Insert into ISIS2304B121720.PRODUCTO_RESTAURANTE (ID_PROD,ID_REST,PRECIO,COSTO_PRODUCCION,CANTIDAD) values ('79','2','42936','81554','768');
Insert into ISIS2304B121720.PRODUCTO_RESTAURANTE (ID_PROD,ID_REST,PRECIO,COSTO_PRODUCCION,CANTIDAD) values ('63','8','42986','35409','98');
Insert into ISIS2304B121720.PRODUCTO_RESTAURANTE (ID_PROD,ID_REST,PRECIO,COSTO_PRODUCCION,CANTIDAD) values ('12','39','10175','93521','767');
Insert into ISIS2304B121720.PRODUCTO_RESTAURANTE (ID_PROD,ID_REST,PRECIO,COSTO_PRODUCCION,CANTIDAD) values ('51','22','30326','38197','940');
Insert into ISIS2304B121720.PRODUCTO_RESTAURANTE (ID_PROD,ID_REST,PRECIO,COSTO_PRODUCCION,CANTIDAD) values ('23','28','73648','53107','998');
Insert into ISIS2304B121720.PRODUCTO_RESTAURANTE (ID_PROD,ID_REST,PRECIO,COSTO_PRODUCCION,CANTIDAD) values ('9','14','12197','74048','934');
Insert into ISIS2304B121720.PRODUCTO_RESTAURANTE (ID_PROD,ID_REST,PRECIO,COSTO_PRODUCCION,CANTIDAD) values ('99','4','56126','49170','913');
Insert into ISIS2304B121720.PRODUCTO_RESTAURANTE (ID_PROD,ID_REST,PRECIO,COSTO_PRODUCCION,CANTIDAD) values ('72','28','62403','81332','54');
Insert into ISIS2304B121720.PRODUCTO_RESTAURANTE (ID_PROD,ID_REST,PRECIO,COSTO_PRODUCCION,CANTIDAD) values ('60','24','67214','38395','756');
Insert into ISIS2304B121720.PRODUCTO_RESTAURANTE (ID_PROD,ID_REST,PRECIO,COSTO_PRODUCCION,CANTIDAD) values ('74','15','5491','32175','717');
Insert into ISIS2304B121720.PRODUCTO_RESTAURANTE (ID_PROD,ID_REST,PRECIO,COSTO_PRODUCCION,CANTIDAD) values ('73','3','93154','9856','768');
Insert into ISIS2304B121720.PRODUCTO_RESTAURANTE (ID_PROD,ID_REST,PRECIO,COSTO_PRODUCCION,CANTIDAD) values ('61','8','82799','7728','727');
Insert into ISIS2304B121720.PRODUCTO_RESTAURANTE (ID_PROD,ID_REST,PRECIO,COSTO_PRODUCCION,CANTIDAD) values ('3','31','93977','45007','286');
Insert into ISIS2304B121720.PRODUCTO_RESTAURANTE (ID_PROD,ID_REST,PRECIO,COSTO_PRODUCCION,CANTIDAD) values ('88','12','43050','24269','202');
Insert into ISIS2304B121720.PRODUCTO_RESTAURANTE (ID_PROD,ID_REST,PRECIO,COSTO_PRODUCCION,CANTIDAD) values ('19','10','55521','6172','438');
Insert into ISIS2304B121720.PRODUCTO_RESTAURANTE (ID_PROD,ID_REST,PRECIO,COSTO_PRODUCCION,CANTIDAD) values ('15','15','52569','81963','994');
Insert into ISIS2304B121720.PRODUCTO_RESTAURANTE (ID_PROD,ID_REST,PRECIO,COSTO_PRODUCCION,CANTIDAD) values ('97','22','30720','26575','258');
Insert into ISIS2304B121720.PRODUCTO_RESTAURANTE (ID_PROD,ID_REST,PRECIO,COSTO_PRODUCCION,CANTIDAD) values ('38','17','99330','1152','148');
Insert into ISIS2304B121720.PRODUCTO_RESTAURANTE (ID_PROD,ID_REST,PRECIO,COSTO_PRODUCCION,CANTIDAD) values ('69','4','97594','83657','521');
Insert into ISIS2304B121720.PRODUCTO_RESTAURANTE (ID_PROD,ID_REST,PRECIO,COSTO_PRODUCCION,CANTIDAD) values ('51','6','9982','16994','878');
Insert into ISIS2304B121720.PRODUCTO_RESTAURANTE (ID_PROD,ID_REST,PRECIO,COSTO_PRODUCCION,CANTIDAD) values ('84','38','6598','23258','54');
Insert into ISIS2304B121720.PRODUCTO_RESTAURANTE (ID_PROD,ID_REST,PRECIO,COSTO_PRODUCCION,CANTIDAD) values ('32','18','91018','10324','157');
Insert into ISIS2304B121720.PRODUCTO_RESTAURANTE (ID_PROD,ID_REST,PRECIO,COSTO_PRODUCCION,CANTIDAD) values ('32','39','33669','56605','839');
Insert into ISIS2304B121720.PRODUCTO_RESTAURANTE (ID_PROD,ID_REST,PRECIO,COSTO_PRODUCCION,CANTIDAD) values ('30','13','63899','10052','414');
Insert into ISIS2304B121720.PRODUCTO_RESTAURANTE (ID_PROD,ID_REST,PRECIO,COSTO_PRODUCCION,CANTIDAD) values ('80','37','46733','33034','324');
Insert into ISIS2304B121720.PRODUCTO_RESTAURANTE (ID_PROD,ID_REST,PRECIO,COSTO_PRODUCCION,CANTIDAD) values ('87','34','70543','61921','162');
Insert into ISIS2304B121720.PRODUCTO_RESTAURANTE (ID_PROD,ID_REST,PRECIO,COSTO_PRODUCCION,CANTIDAD) values ('69','37','52031','19177','363');
Insert into ISIS2304B121720.PRODUCTO_RESTAURANTE (ID_PROD,ID_REST,PRECIO,COSTO_PRODUCCION,CANTIDAD) values ('66','14','38862','72045','513');
Insert into ISIS2304B121720.PRODUCTO_RESTAURANTE (ID_PROD,ID_REST,PRECIO,COSTO_PRODUCCION,CANTIDAD) values ('48','15','98069','96011','835');
Insert into ISIS2304B121720.PRODUCTO_RESTAURANTE (ID_PROD,ID_REST,PRECIO,COSTO_PRODUCCION,CANTIDAD) values ('7','35','19258','62026','108');
Insert into ISIS2304B121720.PRODUCTO_RESTAURANTE (ID_PROD,ID_REST,PRECIO,COSTO_PRODUCCION,CANTIDAD) values ('70','14','84989','75308','766');
Insert into ISIS2304B121720.PRODUCTO_RESTAURANTE (ID_PROD,ID_REST,PRECIO,COSTO_PRODUCCION,CANTIDAD) values ('22','16','6602','97657','928');
Insert into ISIS2304B121720.PRODUCTO_RESTAURANTE (ID_PROD,ID_REST,PRECIO,COSTO_PRODUCCION,CANTIDAD) values ('77','18','97965','12231','400');
Insert into ISIS2304B121720.PRODUCTO_RESTAURANTE (ID_PROD,ID_REST,PRECIO,COSTO_PRODUCCION,CANTIDAD) values ('15','24','77943','32954','152');
Insert into ISIS2304B121720.PRODUCTO_RESTAURANTE (ID_PROD,ID_REST,PRECIO,COSTO_PRODUCCION,CANTIDAD) values ('78','2','9254','45083','27');
Insert into ISIS2304B121720.PRODUCTO_RESTAURANTE (ID_PROD,ID_REST,PRECIO,COSTO_PRODUCCION,CANTIDAD) values ('33','5','57962','10763','645');
Insert into ISIS2304B121720.PRODUCTO_RESTAURANTE (ID_PROD,ID_REST,PRECIO,COSTO_PRODUCCION,CANTIDAD) values ('42','17','93414','48888','990');
Insert into ISIS2304B121720.PRODUCTO_RESTAURANTE (ID_PROD,ID_REST,PRECIO,COSTO_PRODUCCION,CANTIDAD) values ('3','23','95614','36688','181');
Insert into ISIS2304B121720.PRODUCTO_RESTAURANTE (ID_PROD,ID_REST,PRECIO,COSTO_PRODUCCION,CANTIDAD) values ('16','15','15350','50132','634');
Insert into ISIS2304B121720.PRODUCTO_RESTAURANTE (ID_PROD,ID_REST,PRECIO,COSTO_PRODUCCION,CANTIDAD) values ('99','22','49086','68954','255');
Insert into ISIS2304B121720.PRODUCTO_RESTAURANTE (ID_PROD,ID_REST,PRECIO,COSTO_PRODUCCION,CANTIDAD) values ('41','16','71988','94981','483');
Insert into ISIS2304B121720.PRODUCTO_RESTAURANTE (ID_PROD,ID_REST,PRECIO,COSTO_PRODUCCION,CANTIDAD) values ('100','20','21419','76410','880');
Insert into ISIS2304B121720.PRODUCTO_RESTAURANTE (ID_PROD,ID_REST,PRECIO,COSTO_PRODUCCION,CANTIDAD) values ('34','22','51413','73640','160');
Insert into ISIS2304B121720.PRODUCTO_RESTAURANTE (ID_PROD,ID_REST,PRECIO,COSTO_PRODUCCION,CANTIDAD) values ('63','19','18809','86900','44');
Insert into ISIS2304B121720.PRODUCTO_RESTAURANTE (ID_PROD,ID_REST,PRECIO,COSTO_PRODUCCION,CANTIDAD) values ('37','8','67679','39780','777');
Insert into ISIS2304B121720.PRODUCTO_RESTAURANTE (ID_PROD,ID_REST,PRECIO,COSTO_PRODUCCION,CANTIDAD) values ('73','10','61531','48226','589');
Insert into ISIS2304B121720.PRODUCTO_RESTAURANTE (ID_PROD,ID_REST,PRECIO,COSTO_PRODUCCION,CANTIDAD) values ('39','24','3809','62506','676');
Insert into ISIS2304B121720.PRODUCTO_RESTAURANTE (ID_PROD,ID_REST,PRECIO,COSTO_PRODUCCION,CANTIDAD) values ('34','16','85982','88825','627');
Insert into ISIS2304B121720.PRODUCTO_RESTAURANTE (ID_PROD,ID_REST,PRECIO,COSTO_PRODUCCION,CANTIDAD) values ('73','34','82019','8630','916');
Insert into ISIS2304B121720.PRODUCTO_RESTAURANTE (ID_PROD,ID_REST,PRECIO,COSTO_PRODUCCION,CANTIDAD) values ('28','39','52760','52061','485');
Insert into ISIS2304B121720.PRODUCTO_RESTAURANTE (ID_PROD,ID_REST,PRECIO,COSTO_PRODUCCION,CANTIDAD) values ('34','26','33822','82541','949');
Insert into ISIS2304B121720.PRODUCTO_RESTAURANTE (ID_PROD,ID_REST,PRECIO,COSTO_PRODUCCION,CANTIDAD) values ('71','26','88602','96829','643');
Insert into ISIS2304B121720.PRODUCTO_RESTAURANTE (ID_PROD,ID_REST,PRECIO,COSTO_PRODUCCION,CANTIDAD) values ('31','28','13751','90722','768');
Insert into ISIS2304B121720.PRODUCTO_RESTAURANTE (ID_PROD,ID_REST,PRECIO,COSTO_PRODUCCION,CANTIDAD) values ('53','25','11504','72581','566');
Insert into ISIS2304B121720.PRODUCTO_RESTAURANTE (ID_PROD,ID_REST,PRECIO,COSTO_PRODUCCION,CANTIDAD) values ('3','21','24275','7061','36');
Insert into ISIS2304B121720.PRODUCTO_RESTAURANTE (ID_PROD,ID_REST,PRECIO,COSTO_PRODUCCION,CANTIDAD) values ('49','16','80854','43831','450');
Insert into ISIS2304B121720.PRODUCTO_RESTAURANTE (ID_PROD,ID_REST,PRECIO,COSTO_PRODUCCION,CANTIDAD) values ('80','34','55369','79565','193');
Insert into ISIS2304B121720.PRODUCTO_RESTAURANTE (ID_PROD,ID_REST,PRECIO,COSTO_PRODUCCION,CANTIDAD) values ('69','32','53208','60593','366');
Insert into ISIS2304B121720.PRODUCTO_RESTAURANTE (ID_PROD,ID_REST,PRECIO,COSTO_PRODUCCION,CANTIDAD) values ('54','1','18198','49774','472');
Insert into ISIS2304B121720.PRODUCTO_RESTAURANTE (ID_PROD,ID_REST,PRECIO,COSTO_PRODUCCION,CANTIDAD) values ('98','40','89510','14115','770');
Insert into ISIS2304B121720.PRODUCTO_RESTAURANTE (ID_PROD,ID_REST,PRECIO,COSTO_PRODUCCION,CANTIDAD) values ('63','27','63143','60331','777');
Insert into ISIS2304B121720.PRODUCTO_RESTAURANTE (ID_PROD,ID_REST,PRECIO,COSTO_PRODUCCION,CANTIDAD) values ('27','21','29926','9032','582');
Insert into ISIS2304B121720.PRODUCTO_RESTAURANTE (ID_PROD,ID_REST,PRECIO,COSTO_PRODUCCION,CANTIDAD) values ('61','39','90042','30876','394');
Insert into ISIS2304B121720.PRODUCTO_RESTAURANTE (ID_PROD,ID_REST,PRECIO,COSTO_PRODUCCION,CANTIDAD) values ('52','4','7900','62510','436');
Insert into ISIS2304B121720.PRODUCTO_RESTAURANTE (ID_PROD,ID_REST,PRECIO,COSTO_PRODUCCION,CANTIDAD) values ('24','27','87344','58838','752');
Insert into ISIS2304B121720.PRODUCTO_RESTAURANTE (ID_PROD,ID_REST,PRECIO,COSTO_PRODUCCION,CANTIDAD) values ('49','11','91119','12275','339');
Insert into ISIS2304B121720.PRODUCTO_RESTAURANTE (ID_PROD,ID_REST,PRECIO,COSTO_PRODUCCION,CANTIDAD) values ('10','17','50473','64226','210');
Insert into ISIS2304B121720.PRODUCTO_RESTAURANTE (ID_PROD,ID_REST,PRECIO,COSTO_PRODUCCION,CANTIDAD) values ('9','16','50486','63330','389');
Insert into ISIS2304B121720.PRODUCTO_RESTAURANTE (ID_PROD,ID_REST,PRECIO,COSTO_PRODUCCION,CANTIDAD) values ('36','23','81291','4123','50');
Insert into ISIS2304B121720.PRODUCTO_RESTAURANTE (ID_PROD,ID_REST,PRECIO,COSTO_PRODUCCION,CANTIDAD) values ('7','38','32080','50275','409');
Insert into ISIS2304B121720.PRODUCTO_RESTAURANTE (ID_PROD,ID_REST,PRECIO,COSTO_PRODUCCION,CANTIDAD) values ('35','36','13975','63231','726');
Insert into ISIS2304B121720.PRODUCTO_RESTAURANTE (ID_PROD,ID_REST,PRECIO,COSTO_PRODUCCION,CANTIDAD) values ('5','25','55113','75459','730');
Insert into ISIS2304B121720.PRODUCTO_RESTAURANTE (ID_PROD,ID_REST,PRECIO,COSTO_PRODUCCION,CANTIDAD) values ('5','13','43516','11017','635');
Insert into ISIS2304B121720.PRODUCTO_RESTAURANTE (ID_PROD,ID_REST,PRECIO,COSTO_PRODUCCION,CANTIDAD) values ('36','1','12939','78164','163');
Insert into ISIS2304B121720.PRODUCTO_RESTAURANTE (ID_PROD,ID_REST,PRECIO,COSTO_PRODUCCION,CANTIDAD) values ('68','2','97404','64872','829');
Insert into ISIS2304B121720.PRODUCTO_RESTAURANTE (ID_PROD,ID_REST,PRECIO,COSTO_PRODUCCION,CANTIDAD) values ('48','9','82316','91409','957');
Insert into ISIS2304B121720.PRODUCTO_RESTAURANTE (ID_PROD,ID_REST,PRECIO,COSTO_PRODUCCION,CANTIDAD) values ('5','18','15896','98039','33');
Insert into ISIS2304B121720.PRODUCTO_RESTAURANTE (ID_PROD,ID_REST,PRECIO,COSTO_PRODUCCION,CANTIDAD) values ('51','21','42028','66542','551');
Insert into ISIS2304B121720.PRODUCTO_RESTAURANTE (ID_PROD,ID_REST,PRECIO,COSTO_PRODUCCION,CANTIDAD) values ('9','4','4501','71355','244');
Insert into ISIS2304B121720.PRODUCTO_RESTAURANTE (ID_PROD,ID_REST,PRECIO,COSTO_PRODUCCION,CANTIDAD) values ('6','25','4328','2149','806');
Insert into ISIS2304B121720.PRODUCTO_RESTAURANTE (ID_PROD,ID_REST,PRECIO,COSTO_PRODUCCION,CANTIDAD) values ('15','16','2889','49682','767');
Insert into ISIS2304B121720.PRODUCTO_RESTAURANTE (ID_PROD,ID_REST,PRECIO,COSTO_PRODUCCION,CANTIDAD) values ('29','4','19346','54759','882');
Insert into ISIS2304B121720.PRODUCTO_RESTAURANTE (ID_PROD,ID_REST,PRECIO,COSTO_PRODUCCION,CANTIDAD) values ('48','33','47491','22655','690');
Insert into ISIS2304B121720.PRODUCTO_RESTAURANTE (ID_PROD,ID_REST,PRECIO,COSTO_PRODUCCION,CANTIDAD) values ('15','30','45435','98579','251');
commit;
REM INSERTING into ISIS2304B121720.PRODUCTOS
SET DEFINE OFF;
Insert into ISIS2304B121720.PRODUCTOS (ID,DESCRIPCION,DESCRIPTION,CATEGORIA,NAME) values ('1','ut nulla','accumsan tortor quis','POSTRE','Mat Lam Tam2');
Insert into ISIS2304B121720.PRODUCTOS (ID,DESCRIPCION,DESCRIPTION,CATEGORIA,NAME) values ('2','et ultrices','blandit ultrices','ACOMPAAMIENTO','Bamity');
Insert into ISIS2304B121720.PRODUCTOS (ID,DESCRIPCION,DESCRIPTION,CATEGORIA,NAME) values ('3','vulputate','sed','BEBIDA','Tempsoft');
Insert into ISIS2304B121720.PRODUCTOS (ID,DESCRIPCION,DESCRIPTION,CATEGORIA,NAME) values ('4','sodales scelerisque mauris','eget','ACOMPAAMIENTO','Cardguard');
Insert into ISIS2304B121720.PRODUCTOS (ID,DESCRIPCION,DESCRIPTION,CATEGORIA,NAME) values ('5','vel dapibus','mattis odio','ENTRADA','Fixflex');
Insert into ISIS2304B121720.PRODUCTOS (ID,DESCRIPCION,DESCRIPTION,CATEGORIA,NAME) values ('6','in','ligula','BEBIDA','Bigtax');
Insert into ISIS2304B121720.PRODUCTOS (ID,DESCRIPCION,DESCRIPTION,CATEGORIA,NAME) values ('7','lorem ipsum dolor','ante ipsum primis','ENTRADA','Domainer');
Insert into ISIS2304B121720.PRODUCTOS (ID,DESCRIPCION,DESCRIPTION,CATEGORIA,NAME) values ('8','morbi','tempor turpis nec','BEBIDA','Y-Solowarm');
Insert into ISIS2304B121720.PRODUCTOS (ID,DESCRIPCION,DESCRIPTION,CATEGORIA,NAME) values ('9','dui luctus rutrum','faucibus accumsan','BEBIDA','Mat Lam Tam');
Insert into ISIS2304B121720.PRODUCTOS (ID,DESCRIPCION,DESCRIPTION,CATEGORIA,NAME) values ('10','feugiat et eros','sed magna at','BEBIDA','Solarbreeze');
Insert into ISIS2304B121720.PRODUCTOS (ID,DESCRIPCION,DESCRIPTION,CATEGORIA,NAME) values ('11','dictumst etiam','tempor','BEBIDA','Biodex');
Insert into ISIS2304B121720.PRODUCTOS (ID,DESCRIPCION,DESCRIPTION,CATEGORIA,NAME) values ('12','lacus','etiam justo etiam','BEBIDA','Voyatouch');
Insert into ISIS2304B121720.PRODUCTOS (ID,DESCRIPCION,DESCRIPTION,CATEGORIA,NAME) values ('13','felis ut','varius','ACOMPAAMIENTO','Viva');
Insert into ISIS2304B121720.PRODUCTOS (ID,DESCRIPCION,DESCRIPTION,CATEGORIA,NAME) values ('14','nulla sed','cras pellentesque','ACOMPAAMIENTO','Tin');
Insert into ISIS2304B121720.PRODUCTOS (ID,DESCRIPCION,DESCRIPTION,CATEGORIA,NAME) values ('15','amet','pretium quis','BEBIDA','Zamit');
Insert into ISIS2304B121720.PRODUCTOS (ID,DESCRIPCION,DESCRIPTION,CATEGORIA,NAME) values ('16','massa id','convallis nulla neque','ENTRADA','Sub-Ex');
Insert into ISIS2304B121720.PRODUCTOS (ID,DESCRIPCION,DESCRIPTION,CATEGORIA,NAME) values ('17','in','quis','ENTRADA','Bamity3423');
Insert into ISIS2304B121720.PRODUCTOS (ID,DESCRIPCION,DESCRIPTION,CATEGORIA,NAME) values ('18','in','odio consequat','BEBIDA','Stronghold');
Insert into ISIS2304B121720.PRODUCTOS (ID,DESCRIPCION,DESCRIPTION,CATEGORIA,NAME) values ('19','velit vivamus','tellus nulla ut','POSTRE','Voltsillam');
Insert into ISIS2304B121720.PRODUCTOS (ID,DESCRIPCION,DESCRIPTION,CATEGORIA,NAME) values ('20','cubilia curae','sodales sed','ENTRADA','Fixflex342423');
Insert into ISIS2304B121720.PRODUCTOS (ID,DESCRIPCION,DESCRIPTION,CATEGORIA,NAME) values ('21','malesuada in imperdiet','aliquet maecenas','BEBIDA','Vagram');
Insert into ISIS2304B121720.PRODUCTOS (ID,DESCRIPCION,DESCRIPTION,CATEGORIA,NAME) values ('22','amet nulla quisque','consequat nulla nisl','POSTRE','Stringtough');
Insert into ISIS2304B121720.PRODUCTOS (ID,DESCRIPCION,DESCRIPTION,CATEGORIA,NAME) values ('23','morbi','nullam','POSTRE','Home Ing');
Insert into ISIS2304B121720.PRODUCTOS (ID,DESCRIPCION,DESCRIPTION,CATEGORIA,NAME) values ('24','faucibus','faucibus','ENTRADA','Tampflex');
Insert into ISIS2304B121720.PRODUCTOS (ID,DESCRIPCION,DESCRIPTION,CATEGORIA,NAME) values ('25','vitae nisi','etiam pretium','POSTRE','Namfix');
Insert into ISIS2304B121720.PRODUCTOS (ID,DESCRIPCION,DESCRIPTION,CATEGORIA,NAME) values ('26','id','quis','BEBIDA','Veribet');
Insert into ISIS2304B121720.PRODUCTOS (ID,DESCRIPCION,DESCRIPTION,CATEGORIA,NAME) values ('27','id pretium','proin','ENTRADA','Zamit123132');
Insert into ISIS2304B121720.PRODUCTOS (ID,DESCRIPCION,DESCRIPTION,CATEGORIA,NAME) values ('28','phasellus in felis','massa','BEBIDA','Fintone');
Insert into ISIS2304B121720.PRODUCTOS (ID,DESCRIPCION,DESCRIPTION,CATEGORIA,NAME) values ('29','sapien a libero','volutpat quam pede','ENTRADA','Sonsing');
Insert into ISIS2304B121720.PRODUCTOS (ID,DESCRIPCION,DESCRIPTION,CATEGORIA,NAME) values ('30','metus','feugiat et eros','POSTRE','Namfix2131231');
Insert into ISIS2304B121720.PRODUCTOS (ID,DESCRIPCION,DESCRIPTION,CATEGORIA,NAME) values ('31','non ligula pellentesque','non velit','BEBIDA','Bitchip');
Insert into ISIS2304B121720.PRODUCTOS (ID,DESCRIPCION,DESCRIPTION,CATEGORIA,NAME) values ('32','lorem','aliquet pulvinar','POSTRE','Holdlamis');
Insert into ISIS2304B121720.PRODUCTOS (ID,DESCRIPCION,DESCRIPTION,CATEGORIA,NAME) values ('33','neque aenean auctor','mauris','POSTRE','Zontrax');
Insert into ISIS2304B121720.PRODUCTOS (ID,DESCRIPCION,DESCRIPTION,CATEGORIA,NAME) values ('34','ut tellus nulla','mi','PLATOFUERTE','Job');
Insert into ISIS2304B121720.PRODUCTOS (ID,DESCRIPCION,DESCRIPTION,CATEGORIA,NAME) values ('35','cum','porttitor','ENTRADA','Vagram45');
Insert into ISIS2304B121720.PRODUCTOS (ID,DESCRIPCION,DESCRIPTION,CATEGORIA,NAME) values ('36','sapien placerat','turpis enim blandit','ACOMPAAMIENTO','Solarbreeze123123');
Insert into ISIS2304B121720.PRODUCTOS (ID,DESCRIPCION,DESCRIPTION,CATEGORIA,NAME) values ('37','platea','mi','BEBIDA','Treeflex');
Insert into ISIS2304B121720.PRODUCTOS (ID,DESCRIPCION,DESCRIPTION,CATEGORIA,NAME) values ('38','pede posuere nonummy','non','BEBIDA','Biodex1231231');
Insert into ISIS2304B121720.PRODUCTOS (ID,DESCRIPCION,DESCRIPTION,CATEGORIA,NAME) values ('39','nisl nunc','ut dolor morbi','BEBIDA','Daltfresh');
Insert into ISIS2304B121720.PRODUCTOS (ID,DESCRIPCION,DESCRIPTION,CATEGORIA,NAME) values ('40','nulla tempus vivamus','amet diam','BEBIDA','Stim');
Insert into ISIS2304B121720.PRODUCTOS (ID,DESCRIPCION,DESCRIPTION,CATEGORIA,NAME) values ('41','ac','tempus semper','ENTRADA','Alphazap');
Insert into ISIS2304B121720.PRODUCTOS (ID,DESCRIPCION,DESCRIPTION,CATEGORIA,NAME) values ('42','adipiscing','consequat lectus in','ENTRADA','Regrant');
Insert into ISIS2304B121720.PRODUCTOS (ID,DESCRIPCION,DESCRIPTION,CATEGORIA,NAME) values ('43','ligula nec sem','mauris ullamcorper purus','ACOMPAAMIENTO','Wrapsafe');
Insert into ISIS2304B121720.PRODUCTOS (ID,DESCRIPCION,DESCRIPTION,CATEGORIA,NAME) values ('44','mauris','massa quis','PLATOFUERTE','Quo Lux');
Insert into ISIS2304B121720.PRODUCTOS (ID,DESCRIPCION,DESCRIPTION,CATEGORIA,NAME) values ('45','sed magna at','sit amet nunc','ENTRADA','Tempsoft12312313');
Insert into ISIS2304B121720.PRODUCTOS (ID,DESCRIPCION,DESCRIPTION,CATEGORIA,NAME) values ('46','etiam','nunc proin at','POSTRE','Zaam-Dox');
Insert into ISIS2304B121720.PRODUCTOS (ID,DESCRIPCION,DESCRIPTION,CATEGORIA,NAME) values ('47','condimentum curabitur','est et','ACOMPAAMIENTO','Veribet1231253');
Insert into ISIS2304B121720.PRODUCTOS (ID,DESCRIPCION,DESCRIPTION,CATEGORIA,NAME) values ('48','tincidunt eget','in','BEBIDA','Subin');
Insert into ISIS2304B121720.PRODUCTOS (ID,DESCRIPCION,DESCRIPTION,CATEGORIA,NAME) values ('49','integer non velit','quis','ENTRADA','Lotlux');
Insert into ISIS2304B121720.PRODUCTOS (ID,DESCRIPCION,DESCRIPTION,CATEGORIA,NAME) values ('50','odio donec vitae','nisl','PLATOFUERTE','Bytecard');
Insert into ISIS2304B121720.PRODUCTOS (ID,DESCRIPCION,DESCRIPTION,CATEGORIA,NAME) values ('51','quam sollicitudin','id luctus nec','PLATOFUERTE','Zontrax1231231');
Insert into ISIS2304B121720.PRODUCTOS (ID,DESCRIPCION,DESCRIPTION,CATEGORIA,NAME) values ('52','vel augue','vestibulum velit id','ACOMPAAMIENTO','Prodder');
Insert into ISIS2304B121720.PRODUCTOS (ID,DESCRIPCION,DESCRIPTION,CATEGORIA,NAME) values ('53','eget tincidunt','et magnis','POSTRE','Zoolab');
Insert into ISIS2304B121720.PRODUCTOS (ID,DESCRIPCION,DESCRIPTION,CATEGORIA,NAME) values ('54','mi nulla ac','ipsum primis','PLATOFUERTE','Hatity');
Insert into ISIS2304B121720.PRODUCTOS (ID,DESCRIPCION,DESCRIPTION,CATEGORIA,NAME) values ('55','nisl nunc','non','PLATOFUERTE','Home Ing324234');
Insert into ISIS2304B121720.PRODUCTOS (ID,DESCRIPCION,DESCRIPTION,CATEGORIA,NAME) values ('56','in','donec','POSTRE','Sonair');
Insert into ISIS2304B121720.PRODUCTOS (ID,DESCRIPCION,DESCRIPTION,CATEGORIA,NAME) values ('57','posuere metus','at nunc','BEBIDA','Gembucket');
Insert into ISIS2304B121720.PRODUCTOS (ID,DESCRIPCION,DESCRIPTION,CATEGORIA,NAME) values ('58','molestie hendrerit at','nullam orci','ACOMPAAMIENTO','Treeflex1231345');
Insert into ISIS2304B121720.PRODUCTOS (ID,DESCRIPCION,DESCRIPTION,CATEGORIA,NAME) values ('59','at','nunc commodo','POSTRE','Asoka');
Insert into ISIS2304B121720.PRODUCTOS (ID,DESCRIPCION,DESCRIPTION,CATEGORIA,NAME) values ('60','penatibus et magnis','rutrum','ENTRADA','Tin123123');
Insert into ISIS2304B121720.PRODUCTOS (ID,DESCRIPCION,DESCRIPTION,CATEGORIA,NAME) values ('61','sed','est donec odio','BEBIDA','Stronghold12312313');
Insert into ISIS2304B121720.PRODUCTOS (ID,DESCRIPCION,DESCRIPTION,CATEGORIA,NAME) values ('62','condimentum curabitur in','elementum','PLATOFUERTE','Temp');
Insert into ISIS2304B121720.PRODUCTOS (ID,DESCRIPCION,DESCRIPTION,CATEGORIA,NAME) values ('63','dui vel','est','POSTRE','Tempsoft123123HOLA13');
Insert into ISIS2304B121720.PRODUCTOS (ID,DESCRIPCION,DESCRIPTION,CATEGORIA,NAME) values ('64','in porttitor','massa','BEBIDA','Rank');
Insert into ISIS2304B121720.PRODUCTOS (ID,DESCRIPCION,DESCRIPTION,CATEGORIA,NAME) values ('65','ante vel','ultrices erat','PLATOFUERTE','Alpha');
Insert into ISIS2304B121720.PRODUCTOS (ID,DESCRIPCION,DESCRIPTION,CATEGORIA,NAME) values ('66','leo','ullamcorper augue a','PLATOFUERTE','Lotstring');
Insert into ISIS2304B121720.PRODUCTOS (ID,DESCRIPCION,DESCRIPTION,CATEGORIA,NAME) values ('67','vestibulum ante ipsum','odio curabitur','BEBIDA','Job123123123');
Insert into ISIS2304B121720.PRODUCTOS (ID,DESCRIPCION,DESCRIPTION,CATEGORIA,NAME) values ('68','amet consectetuer','lacinia aenean','PLATOFUERTE','Y-Solowarm1232131');
Insert into ISIS2304B121720.PRODUCTOS (ID,DESCRIPCION,DESCRIPTION,CATEGORIA,NAME) values ('69','id sapien','pharetra','ENTRADA','Zontrax12312312');
Insert into ISIS2304B121720.PRODUCTOS (ID,DESCRIPCION,DESCRIPTION,CATEGORIA,NAME) values ('70','nullam','odio curabitur convallis','BEBIDA','Transcof');
Insert into ISIS2304B121720.PRODUCTOS (ID,DESCRIPCION,DESCRIPTION,CATEGORIA,NAME) values ('71','dui','convallis','ENTRADA','Zamit12312312');
Insert into ISIS2304B121720.PRODUCTOS (ID,DESCRIPCION,DESCRIPTION,CATEGORIA,NAME) values ('72','ut erat','at','ACOMPAAMIENTO','Andalax');
Insert into ISIS2304B121720.PRODUCTOS (ID,DESCRIPCION,DESCRIPTION,CATEGORIA,NAME) values ('73','vestibulum vestibulum','curae mauris','PLATOFUERTE','Solarbreez12312312e');
Insert into ISIS2304B121720.PRODUCTOS (ID,DESCRIPCION,DESCRIPTION,CATEGORIA,NAME) values ('74','nunc viverra dapibus','adipiscing lorem vitae','ENTRADA','Tin12312321');
Insert into ISIS2304B121720.PRODUCTOS (ID,DESCRIPCION,DESCRIPTION,CATEGORIA,NAME) values ('75','aenean','sollicitudin vitae consectetuer','ACOMPAAMIENTO','Span');
Insert into ISIS2304B121720.PRODUCTOS (ID,DESCRIPCION,DESCRIPTION,CATEGORIA,NAME) values ('76','eu felis fusce','id ornare imperdiet','BEBIDA','Bytecard12312313');
Insert into ISIS2304B121720.PRODUCTOS (ID,DESCRIPCION,DESCRIPTION,CATEGORIA,NAME) values ('77','amet eros suspendisse','sapien a libero','ENTRADA','Ronstring');
Insert into ISIS2304B121720.PRODUCTOS (ID,DESCRIPCION,DESCRIPTION,CATEGORIA,NAME) values ('78','id ornare','amet','PLATOFUERTE','Konklab');
Insert into ISIS2304B121720.PRODUCTOS (ID,DESCRIPCION,DESCRIPTION,CATEGORIA,NAME) values ('79','est','eget rutrum','BEBIDA','Fixflex1231231');
Insert into ISIS2304B121720.PRODUCTOS (ID,DESCRIPCION,DESCRIPTION,CATEGORIA,NAME) values ('80','ac nulla','purus aliquet','BEBIDA','Ventosanzap');
Insert into ISIS2304B121720.PRODUCTOS (ID,DESCRIPCION,DESCRIPTION,CATEGORIA,NAME) values ('81','nibh fusce','in est','ACOMPAAMIENTO','Bitchip1231324');
Insert into ISIS2304B121720.PRODUCTOS (ID,DESCRIPCION,DESCRIPTION,CATEGORIA,NAME) values ('82','aliquet ultrices erat','mauris enim','ENTRADA','Zamit1231243243');
Insert into ISIS2304B121720.PRODUCTOS (ID,DESCRIPCION,DESCRIPTION,CATEGORIA,NAME) values ('83','blandit lacinia','in','PLATOFUERTE','Sonair35234');
Insert into ISIS2304B121720.PRODUCTOS (ID,DESCRIPCION,DESCRIPTION,CATEGORIA,NAME) values ('84','duis faucibus accumsan','vel','BEBIDA','Bigta1231231x');
Insert into ISIS2304B121720.PRODUCTOS (ID,DESCRIPCION,DESCRIPTION,CATEGORIA,NAME) values ('85','consequat','eget eleifend','POSTRE','Flowdesk');
Insert into ISIS2304B121720.PRODUCTOS (ID,DESCRIPCION,DESCRIPTION,CATEGORIA,NAME) values ('86','ligula sit amet','erat','ENTRADA','HomeFWSR32 Ing');
Insert into ISIS2304B121720.PRODUCTOS (ID,DESCRIPCION,DESCRIPTION,CATEGORIA,NAME) values ('87','donec vitae','duis mattis egestas','ACOMPAAMIENTO','VoltsillDFSF234am');
Insert into ISIS2304B121720.PRODUCTOS (ID,DESCRIPCION,DESCRIPTION,CATEGORIA,NAME) values ('88','quis odio consequat','ultrices enim lorem','ENTRADA','Hatity2312313');
Insert into ISIS2304B121720.PRODUCTOS (ID,DESCRIPCION,DESCRIPTION,CATEGORIA,NAME) values ('89','ante ipsum','ac neque','ACOMPAAMIENTO','Lotlux123123');
Insert into ISIS2304B121720.PRODUCTOS (ID,DESCRIPCION,DESCRIPTION,CATEGORIA,NAME) values ('90','lacinia','ac','ENTRADA','Cardguard12312312');
Insert into ISIS2304B121720.PRODUCTOS (ID,DESCRIPCION,DESCRIPTION,CATEGORIA,NAME) values ('91','convallis','massa id','BEBIDA','Overhold');
Insert into ISIS2304B121720.PRODUCTOS (ID,DESCRIPCION,DESCRIPTION,CATEGORIA,NAME) values ('92','pede lobortis','laoreet ut','ACOMPAAMIENTO','Greenlam');
Insert into ISIS2304B121720.PRODUCTOS (ID,DESCRIPCION,DESCRIPTION,CATEGORIA,NAME) values ('93','imperdiet sapien','sed tristique in','PLATOFUERTE','Hatit1231231y');
Insert into ISIS2304B121720.PRODUCTOS (ID,DESCRIPCION,DESCRIPTION,CATEGORIA,NAME) values ('94','nullam sit amet','turpis adipiscing','ACOMPAAMIENTO','Tampflex12123');
Insert into ISIS2304B121720.PRODUCTOS (ID,DESCRIPCION,DESCRIPTION,CATEGORIA,NAME) values ('95','ut','primis in','BEBIDA','Trippledex');
Insert into ISIS2304B121720.PRODUCTOS (ID,DESCRIPCION,DESCRIPTION,CATEGORIA,NAME) values ('96','ut massa','curabitur','ACOMPAAMIENTO','Asok123123a');
Insert into ISIS2304B121720.PRODUCTOS (ID,DESCRIPCION,DESCRIPTION,CATEGORIA,NAME) values ('97','nam tristique tortor','nulla neque','ENTRADA','Zathin');
Insert into ISIS2304B121720.PRODUCTOS (ID,DESCRIPCION,DESCRIPTION,CATEGORIA,NAME) values ('98','vivamus tortor duis','interdum eu tincidunt','POSTRE','Cookley');
Insert into ISIS2304B121720.PRODUCTOS (ID,DESCRIPCION,DESCRIPTION,CATEGORIA,NAME) values ('99','justo pellentesque','sem fusce','BEBIDA','Daltfre1231sh');
Insert into ISIS2304B121720.PRODUCTOS (ID,DESCRIPCION,DESCRIPTION,CATEGORIA,NAME) values ('100','sapien varius ut','interdum mauris non','ACOMPAAMIENTO','Solarbr12313eeze');
commit;

REM INSERTING into ISIS2304B121720.TIPOPRODUCTO
SET DEFINE OFF;
Insert into ISIS2304B121720.TIPOPRODUCTO (ID_PROD,ID_TIPO) values ('1','9');
Insert into ISIS2304B121720.TIPOPRODUCTO (ID_PROD,ID_TIPO) values ('3','12');
Insert into ISIS2304B121720.TIPOPRODUCTO (ID_PROD,ID_TIPO) values ('3','15');
Insert into ISIS2304B121720.TIPOPRODUCTO (ID_PROD,ID_TIPO) values ('6','4');
Insert into ISIS2304B121720.TIPOPRODUCTO (ID_PROD,ID_TIPO) values ('6','13');
Insert into ISIS2304B121720.TIPOPRODUCTO (ID_PROD,ID_TIPO) values ('6','16');
Insert into ISIS2304B121720.TIPOPRODUCTO (ID_PROD,ID_TIPO) values ('7','16');
Insert into ISIS2304B121720.TIPOPRODUCTO (ID_PROD,ID_TIPO) values ('7','20');
Insert into ISIS2304B121720.TIPOPRODUCTO (ID_PROD,ID_TIPO) values ('8','1');
Insert into ISIS2304B121720.TIPOPRODUCTO (ID_PROD,ID_TIPO) values ('8','2');
Insert into ISIS2304B121720.TIPOPRODUCTO (ID_PROD,ID_TIPO) values ('10','2');
Insert into ISIS2304B121720.TIPOPRODUCTO (ID_PROD,ID_TIPO) values ('10','4');
Insert into ISIS2304B121720.TIPOPRODUCTO (ID_PROD,ID_TIPO) values ('10','8');
Insert into ISIS2304B121720.TIPOPRODUCTO (ID_PROD,ID_TIPO) values ('10','10');
Insert into ISIS2304B121720.TIPOPRODUCTO (ID_PROD,ID_TIPO) values ('10','20');
Insert into ISIS2304B121720.TIPOPRODUCTO (ID_PROD,ID_TIPO) values ('11','7');
Insert into ISIS2304B121720.TIPOPRODUCTO (ID_PROD,ID_TIPO) values ('11','10');
Insert into ISIS2304B121720.TIPOPRODUCTO (ID_PROD,ID_TIPO) values ('11','14');
Insert into ISIS2304B121720.TIPOPRODUCTO (ID_PROD,ID_TIPO) values ('12','12');
Insert into ISIS2304B121720.TIPOPRODUCTO (ID_PROD,ID_TIPO) values ('13','2');
Insert into ISIS2304B121720.TIPOPRODUCTO (ID_PROD,ID_TIPO) values ('13','16');
Insert into ISIS2304B121720.TIPOPRODUCTO (ID_PROD,ID_TIPO) values ('14','1');
Insert into ISIS2304B121720.TIPOPRODUCTO (ID_PROD,ID_TIPO) values ('14','17');
Insert into ISIS2304B121720.TIPOPRODUCTO (ID_PROD,ID_TIPO) values ('14','18');
Insert into ISIS2304B121720.TIPOPRODUCTO (ID_PROD,ID_TIPO) values ('15','2');
Insert into ISIS2304B121720.TIPOPRODUCTO (ID_PROD,ID_TIPO) values ('15','4');
Insert into ISIS2304B121720.TIPOPRODUCTO (ID_PROD,ID_TIPO) values ('15','5');
Insert into ISIS2304B121720.TIPOPRODUCTO (ID_PROD,ID_TIPO) values ('15','11');
Insert into ISIS2304B121720.TIPOPRODUCTO (ID_PROD,ID_TIPO) values ('16','12');
Insert into ISIS2304B121720.TIPOPRODUCTO (ID_PROD,ID_TIPO) values ('16','20');
Insert into ISIS2304B121720.TIPOPRODUCTO (ID_PROD,ID_TIPO) values ('18','3');
Insert into ISIS2304B121720.TIPOPRODUCTO (ID_PROD,ID_TIPO) values ('18','11');
Insert into ISIS2304B121720.TIPOPRODUCTO (ID_PROD,ID_TIPO) values ('18','20');
Insert into ISIS2304B121720.TIPOPRODUCTO (ID_PROD,ID_TIPO) values ('19','6');
Insert into ISIS2304B121720.TIPOPRODUCTO (ID_PROD,ID_TIPO) values ('19','15');
Insert into ISIS2304B121720.TIPOPRODUCTO (ID_PROD,ID_TIPO) values ('19','16');
Insert into ISIS2304B121720.TIPOPRODUCTO (ID_PROD,ID_TIPO) values ('20','2');
Insert into ISIS2304B121720.TIPOPRODUCTO (ID_PROD,ID_TIPO) values ('20','15');
commit;

REM INSERTING into ISIS2304B121720.PRODUCTOSSIMILARES
SET DEFINE OFF;
Insert into ISIS2304B121720.PRODUCTOSSIMILARES (ID_RESTAURANTE,ID_PROD1,ID_PROD2) values ('12','31','42');
Insert into ISIS2304B121720.PRODUCTOSSIMILARES (ID_RESTAURANTE,ID_PROD1,ID_PROD2) values ('12','31','45');
Insert into ISIS2304B121720.PRODUCTOSSIMILARES (ID_RESTAURANTE,ID_PROD1,ID_PROD2) values ('12','31','59');
Insert into ISIS2304B121720.PRODUCTOSSIMILARES (ID_RESTAURANTE,ID_PROD1,ID_PROD2) values ('12','31','68');
Insert into ISIS2304B121720.PRODUCTOSSIMILARES (ID_RESTAURANTE,ID_PROD1,ID_PROD2) values ('12','96','42');
commit;

REM INSERTING into ISIS2304B121720.RESTAURANTES
SET DEFINE OFF;
Insert into ISIS2304B121720.RESTAURANTES (ID,NAME,PRECIO,ID_TIPO,ID_ZONA,PAGINA_WEB) values ('1','Redhold','5115','1','1',null);
Insert into ISIS2304B121720.RESTAURANTES (ID,NAME,PRECIO,ID_TIPO,ID_ZONA,PAGINA_WEB) values ('2','Solarbreeze','9495','12','36',null);
Insert into ISIS2304B121720.RESTAURANTES (ID,NAME,PRECIO,ID_TIPO,ID_ZONA,PAGINA_WEB) values ('3','Tres-Zap','9918','11','14',null);
Insert into ISIS2304B121720.RESTAURANTES (ID,NAME,PRECIO,ID_TIPO,ID_ZONA,PAGINA_WEB) values ('4','Domainer','8054','9','1',null);
Insert into ISIS2304B121720.RESTAURANTES (ID,NAME,PRECIO,ID_TIPO,ID_ZONA,PAGINA_WEB) values ('5','Home Ing','9171','6','31',null);
Insert into ISIS2304B121720.RESTAURANTES (ID,NAME,PRECIO,ID_TIPO,ID_ZONA,PAGINA_WEB) values ('6','Zoolab','7807','9','5',null);
Insert into ISIS2304B121720.RESTAURANTES (ID,NAME,PRECIO,ID_TIPO,ID_ZONA,PAGINA_WEB) values ('7','Namfix','3197','16','37',null);
Insert into ISIS2304B121720.RESTAURANTES (ID,NAME,PRECIO,ID_TIPO,ID_ZONA,PAGINA_WEB) values ('8','Pannier','1903','11','30',null);
Insert into ISIS2304B121720.RESTAURANTES (ID,NAME,PRECIO,ID_TIPO,ID_ZONA,PAGINA_WEB) values ('9','Namfix','5962','20','38',null);
Insert into ISIS2304B121720.RESTAURANTES (ID,NAME,PRECIO,ID_TIPO,ID_ZONA,PAGINA_WEB) values ('10','Zontrax','3458','4','5',null);
Insert into ISIS2304B121720.RESTAURANTES (ID,NAME,PRECIO,ID_TIPO,ID_ZONA,PAGINA_WEB) values ('11','Domainer','3547','10','17',null);
Insert into ISIS2304B121720.RESTAURANTES (ID,NAME,PRECIO,ID_TIPO,ID_ZONA,PAGINA_WEB) values ('12','Flexidy','2120','20','18',null);
Insert into ISIS2304B121720.RESTAURANTES (ID,NAME,PRECIO,ID_TIPO,ID_ZONA,PAGINA_WEB) values ('13','Konklux','9769','1','11',null);
Insert into ISIS2304B121720.RESTAURANTES (ID,NAME,PRECIO,ID_TIPO,ID_ZONA,PAGINA_WEB) values ('14','Tres-Zap','1516','12','11',null);
Insert into ISIS2304B121720.RESTAURANTES (ID,NAME,PRECIO,ID_TIPO,ID_ZONA,PAGINA_WEB) values ('15','Mat Lam Tam','9608','5','4',null);
Insert into ISIS2304B121720.RESTAURANTES (ID,NAME,PRECIO,ID_TIPO,ID_ZONA,PAGINA_WEB) values ('16','Voyatouch','8010','19','29',null);
Insert into ISIS2304B121720.RESTAURANTES (ID,NAME,PRECIO,ID_TIPO,ID_ZONA,PAGINA_WEB) values ('17','Alphazap','9804','16','14',null);
Insert into ISIS2304B121720.RESTAURANTES (ID,NAME,PRECIO,ID_TIPO,ID_ZONA,PAGINA_WEB) values ('18','Opela','4240','9','1',null);
Insert into ISIS2304B121720.RESTAURANTES (ID,NAME,PRECIO,ID_TIPO,ID_ZONA,PAGINA_WEB) values ('19','Zoolab','6893','14','16',null);
Insert into ISIS2304B121720.RESTAURANTES (ID,NAME,PRECIO,ID_TIPO,ID_ZONA,PAGINA_WEB) values ('20','Zamit','3372','2','19',null);
Insert into ISIS2304B121720.RESTAURANTES (ID,NAME,PRECIO,ID_TIPO,ID_ZONA,PAGINA_WEB) values ('21','Toughjoyfax','4335','13','36',null);
Insert into ISIS2304B121720.RESTAURANTES (ID,NAME,PRECIO,ID_TIPO,ID_ZONA,PAGINA_WEB) values ('22','Sonair','7274','16','24',null);
Insert into ISIS2304B121720.RESTAURANTES (ID,NAME,PRECIO,ID_TIPO,ID_ZONA,PAGINA_WEB) values ('23','Cardguard','6443','17','32',null);
Insert into ISIS2304B121720.RESTAURANTES (ID,NAME,PRECIO,ID_TIPO,ID_ZONA,PAGINA_WEB) values ('24','Ventosanzap','2080','1','8',null);
Insert into ISIS2304B121720.RESTAURANTES (ID,NAME,PRECIO,ID_TIPO,ID_ZONA,PAGINA_WEB) values ('25','Cardify','4308','7','24',null);
Insert into ISIS2304B121720.RESTAURANTES (ID,NAME,PRECIO,ID_TIPO,ID_ZONA,PAGINA_WEB) values ('26','Tin','1364','1','26',null);
Insert into ISIS2304B121720.RESTAURANTES (ID,NAME,PRECIO,ID_TIPO,ID_ZONA,PAGINA_WEB) values ('27','Y-Solowarm','1700','9','7',null);
Insert into ISIS2304B121720.RESTAURANTES (ID,NAME,PRECIO,ID_TIPO,ID_ZONA,PAGINA_WEB) values ('28','Domainer','9333','16','17',null);
Insert into ISIS2304B121720.RESTAURANTES (ID,NAME,PRECIO,ID_TIPO,ID_ZONA,PAGINA_WEB) values ('29','Flowdesk','6842','3','3',null);
Insert into ISIS2304B121720.RESTAURANTES (ID,NAME,PRECIO,ID_TIPO,ID_ZONA,PAGINA_WEB) values ('30','Bytecard','5193','14','1',null);
Insert into ISIS2304B121720.RESTAURANTES (ID,NAME,PRECIO,ID_TIPO,ID_ZONA,PAGINA_WEB) values ('31','Aerified','3581','15','28',null);
Insert into ISIS2304B121720.RESTAURANTES (ID,NAME,PRECIO,ID_TIPO,ID_ZONA,PAGINA_WEB) values ('32','Bigtax','3204','7','15',null);
Insert into ISIS2304B121720.RESTAURANTES (ID,NAME,PRECIO,ID_TIPO,ID_ZONA,PAGINA_WEB) values ('33','Subin','7929','19','22',null);
Insert into ISIS2304B121720.RESTAURANTES (ID,NAME,PRECIO,ID_TIPO,ID_ZONA,PAGINA_WEB) values ('34','Opela','6766','17','31',null);
Insert into ISIS2304B121720.RESTAURANTES (ID,NAME,PRECIO,ID_TIPO,ID_ZONA,PAGINA_WEB) values ('35','Holdlamis','2959','8','4',null);
Insert into ISIS2304B121720.RESTAURANTES (ID,NAME,PRECIO,ID_TIPO,ID_ZONA,PAGINA_WEB) values ('36','Stronghold','8143','8','4',null);
Insert into ISIS2304B121720.RESTAURANTES (ID,NAME,PRECIO,ID_TIPO,ID_ZONA,PAGINA_WEB) values ('37','Domainer','9371','12','33',null);
Insert into ISIS2304B121720.RESTAURANTES (ID,NAME,PRECIO,ID_TIPO,ID_ZONA,PAGINA_WEB) values ('38','Flexidy','6276','17','2',null);
Insert into ISIS2304B121720.RESTAURANTES (ID,NAME,PRECIO,ID_TIPO,ID_ZONA,PAGINA_WEB) values ('39','Tres-Zap','3761','13','38',null);
Insert into ISIS2304B121720.RESTAURANTES (ID,NAME,PRECIO,ID_TIPO,ID_ZONA,PAGINA_WEB) values ('40','Alpha','1434','3','34',null);
commit;

REM INSERTING into ISIS2304B121720.REPRESENTANTES
SET DEFINE OFF;
Insert into ISIS2304B121720.REPRESENTANTES (ID,NAME, ID_RESTAURANTE) values ('1','Giovanni Nestor', '1');
Insert into ISIS2304B121720.REPRESENTANTES (ID,NAME, ID_RESTAURANTE) values ('2','Agnese Elven', '2');
Insert into ISIS2304B121720.REPRESENTANTES (ID,NAME, ID_RESTAURANTE) values ('3','Agnes Culoprieto', '3');
Insert into ISIS2304B121720.REPRESENTANTES (ID,NAME, ID_RESTAURANTE) values ('4','Janenna Kuhl', '4');
Insert into ISIS2304B121720.REPRESENTANTES (ID,NAME, ID_RESTAURANTE) values ('5','Pincas Hugnin', '5');
Insert into ISIS2304B121720.REPRESENTANTES (ID,NAME, ID_RESTAURANTE) values ('6','Milicent Lapthorne', '6');
Insert into ISIS2304B121720.REPRESENTANTES (ID,NAME, ID_RESTAURANTE) values ('7','Lionel Syrad', '7');
Insert into ISIS2304B121720.REPRESENTANTES (ID,NAME, ID_RESTAURANTE) values ('8','Aubrey Symcock', '8');
Insert into ISIS2304B121720.REPRESENTANTES (ID,NAME, ID_RESTAURANTE) values ('9','Olivier Queenborough', '9');
Insert into ISIS2304B121720.REPRESENTANTES (ID,NAME, ID_RESTAURANTE) values ('10','Dalia Rixon', '10');
Insert into ISIS2304B121720.REPRESENTANTES (ID,NAME, ID_RESTAURANTE) values ('11','Fred Nashe', '11');
Insert into ISIS2304B121720.REPRESENTANTES (ID,NAME, ID_RESTAURANTE) values ('12','Jodie Edinboro', '12');
Insert into ISIS2304B121720.REPRESENTANTES (ID,NAME, ID_RESTAURANTE) values ('13','Donovan Mordecai', '13');
Insert into ISIS2304B121720.REPRESENTANTES (ID,NAME, ID_RESTAURANTE) values ('14','Beatrice Culoprieto', '14');
Insert into ISIS2304B121720.REPRESENTANTES (ID,NAME, ID_RESTAURANTE) values ('15','Odilia Stopp', '15');
Insert into ISIS2304B121720.REPRESENTANTES (ID,NAME, ID_RESTAURANTE) values ('16','Bil Siege', '16');
Insert into ISIS2304B121720.REPRESENTANTES (ID,NAME, ID_RESTAURANTE) values ('17','Belina Culoprieto', '17');
Insert into ISIS2304B121720.REPRESENTANTES (ID,NAME, ID_RESTAURANTE) values ('18','Bianca Culoprieto', '18');
Insert into ISIS2304B121720.REPRESENTANTES (ID,NAME, ID_RESTAURANTE) values ('19','Gobias Koffi', '19');
Insert into ISIS2304B121720.REPRESENTANTES (ID,NAME, ID_RESTAURANTE) values ('20','Gunter Lapida', '20');
Insert into ISIS2304B121720.REPRESENTANTES (ID,NAME, ID_RESTAURANTE) values ('21','Cornelia Lapida', '21');
Insert into ISIS2304B121720.REPRESENTANTES (ID,NAME, ID_RESTAURANTE) values ('22','Minna Buntine', '22');
Insert into ISIS2304B121720.REPRESENTANTES (ID,NAME, ID_RESTAURANTE) values ('23','Dov Cartledge', '23');
Insert into ISIS2304B121720.REPRESENTANTES (ID,NAME, ID_RESTAURANTE) values ('24','Homero Lapida', '24');
Insert into ISIS2304B121720.REPRESENTANTES (ID,NAME, ID_RESTAURANTE) values ('25','Delainey Hargreave', '25');
Insert into ISIS2304B121720.REPRESENTANTES (ID,NAME, ID_RESTAURANTE) values ('26','Nicolais Duigan', '26');
Insert into ISIS2304B121720.REPRESENTANTES (ID,NAME, ID_RESTAURANTE) values ('27','Nuria del Solar', '27');
Insert into ISIS2304B121720.REPRESENTANTES (ID,NAME, ID_RESTAURANTE) values ('28','Gabino del Solar', '28');
Insert into ISIS2304B121720.REPRESENTANTES (ID,NAME, ID_RESTAURANTE) values ('29','Manolo del Solar', '29');
Insert into ISIS2304B121720.REPRESENTANTES (ID,NAME, ID_RESTAURANTE) values ('30','Angie Housecroft', '30');
Insert into ISIS2304B121720.REPRESENTANTES (ID,NAME, ID_RESTAURANTE) values ('31','Milka Arnson', '31');
Insert into ISIS2304B121720.REPRESENTANTES (ID,NAME, ID_RESTAURANTE) values ('32','Hermy Tamblyn', '32');
Insert into ISIS2304B121720.REPRESENTANTES (ID,NAME, ID_RESTAURANTE) values ('33','Dulcy Spenclay', '33');
Insert into ISIS2304B121720.REPRESENTANTES (ID,NAME, ID_RESTAURANTE) values ('34','Alie Ridgers', '34');
Insert into ISIS2304B121720.REPRESENTANTES (ID,NAME, ID_RESTAURANTE) values ('35','Thorstein Snaith', '35');
Insert into ISIS2304B121720.REPRESENTANTES (ID,NAME, ID_RESTAURANTE) values ('36','Jaime Jolina', '36');
Insert into ISIS2304B121720.REPRESENTANTES (ID,NAME, ID_RESTAURANTE) values ('37','Isidro Valentinetti', '37');
Insert into ISIS2304B121720.REPRESENTANTES (ID,NAME, ID_RESTAURANTE) values ('38','Elva Collinge', '38');
Insert into ISIS2304B121720.REPRESENTANTES (ID,NAME, ID_RESTAURANTE) values ('39','Della McGarrie', '39');
Insert into ISIS2304B121720.REPRESENTANTES (ID,NAME, ID_RESTAURANTE) values ('40','Ricardo Quevedo', '40');
commit;




Insert into ISIS2304B121720.PEDIDOS (ID, ID_PRODUCTO, FECHA, SERVIDO, ID_ORDEN, ID_RESTAURANTE) 
                             VALUES (6,1, to_timestamp('19/10/16 08:29:24,000000000 AM','DD/MM/RR HH12:MI:SSXFF AM'), 0, 1,1);
                             
Insert into ISIS2304B121720.PEDIDOS (ID, ID_PRODUCTO, FECHA, SERVIDO, ID_ORDEN, ID_RESTAURANTE) 
                             VALUES (7,7, to_timestamp('19/10/16 08:29:24,000000000 AM','DD/MM/RR HH12:MI:SSXFF AM'), 0, 1,1);
Insert into ISIS2304B121720.PEDIDOS (ID, ID_PRODUCTO, FECHA, SERVIDO, ID_ORDEN, ID_RESTAURANTE) 
                             VALUES (8,21, to_timestamp('19/10/16 08:29:24,000000000 AM','DD/MM/RR HH12:MI:SSXFF AM'), 0, 2,29);
Insert into ISIS2304B121720.PEDIDOS (ID, ID_PRODUCTO, FECHA, SERVIDO, ID_ORDEN, ID_RESTAURANTE) 
                             VALUES (9,21, to_timestamp('19/10/16 08:29:24,000000000 AM','DD/MM/RR HH12:MI:SSXFF AM'), 0, 2,29);

Insert into ISIS2304B121720.PEDIDOS (ID, ID_PRODUCTO, FECHA, SERVIDO, ID_ORDEN, ID_RESTAURANTE) 
    VALUES (10,67, to_timestamp('19/10/16 08:29:24,000000000 AM','DD/MM/RR HH12:MI:SSXFF AM'), 1, 3,8);
    Insert into ISIS2304B121720.PEDIDOS (ID, ID_PRODUCTO, FECHA, SERVIDO, ID_ORDEN, ID_RESTAURANTE) 
    VALUES (11,67, to_timestamp('19/10/16 08:29:24,000000000 AM','DD/MM/RR HH12:MI:SSXFF AM'), 0, 4,8);   
    Insert into ISIS2304B121720.PEDIDOS (ID, ID_PRODUCTO, FECHA, SERVIDO, ID_ORDEN, ID_RESTAURANTE) 
    VALUES (12,58, to_timestamp('19/10/16 08:29:24,000000000 AM','DD/MM/RR HH12:MI:SSXFF AM'), 0, 4,30);   
    Insert into ISIS2304B121720.PEDIDOS (ID, ID_PRODUCTO, FECHA, SERVIDO, ID_ORDEN, ID_RESTAURANTE) 
    VALUES (13,58, to_timestamp('19/10/16 08:29:24,000000000 AM','DD/MM/RR HH12:MI:SSXFF AM'), 1, 5,10);   
    Insert into ISIS2304B121720.PEDIDOS (ID, ID_PRODUCTO, FECHA, SERVIDO, ID_ORDEN, ID_RESTAURANTE) 
    VALUES (14,58, to_timestamp('19/10/16 08:29:24,000000000 AM','DD/MM/RR HH12:MI:SSXFF AM'), 0, 5,10);
	COMMIT;
	    Insert into ISIS2304B121720.PEDIDOS (ID, ID_PRODUCTO, FECHA, SERVIDO, ID_ORDEN, ID_RESTAURANTE) 
    VALUES (15,58, to_timestamp('19/10/16 08:29:24,000000000 AM','DD/MM/RR HH12:MI:SSXFF AM'), 1, 5,10);
	COMMIT;
Insert into ISIS2304B121720.PEDIDOS (ID, ID_PRODUCTO, FECHA, SERVIDO, ID_ORDEN, ID_RESTAURANTE) 
    VALUES (16,1, to_timestamp('19/10/16 08:29:24,000000000 AM','DD/MM/RR HH12:MI:SSXFF AM'), 0, 6,1);
	COMMIT;
    Insert into ISIS2304B121720.PEDIDOS (ID, ID_PRODUCTO, FECHA, SERVIDO, ID_ORDEN, ID_RESTAURANTE) 
    VALUES (17,7, to_timestamp('19/10/16 08:29:24,000000000 AM','DD/MM/RR HH12:MI:SSXFF AM'), 0, 6,1);
	COMMIT;
    Insert into ISIS2304B121720.PEDIDOS (ID, ID_PRODUCTO, FECHA, SERVIDO, ID_ORDEN, ID_RESTAURANTE) 
    VALUES (18,34, to_timestamp('19/10/16 08:29:24,000000000 AM','DD/MM/RR HH12:MI:SSXFF AM'), 0, 7,1);
	COMMIT;
    Insert into ISIS2304B121720.PEDIDOS (ID, ID_PRODUCTO, FECHA, SERVIDO, ID_ORDEN, ID_RESTAURANTE) 
    VALUES (19,36, to_timestamp('19/10/16 08:29:24,000000000 AM','DD/MM/RR HH12:MI:SSXFF AM'), 1, 7,1);
	COMMIT;
    Insert into ISIS2304B121720.PEDIDOS (ID, ID_PRODUCTO, FECHA, SERVIDO, ID_ORDEN, ID_RESTAURANTE) 
    VALUES (20,54, to_timestamp('19/10/16 08:29:24,000000000 AM','DD/MM/RR HH12:MI:SSXFF AM'), 1, 7,1);
	COMMIT;
    Insert into ISIS2304B121720.PEDIDOS (ID, ID_PRODUCTO, FECHA, SERVIDO, ID_ORDEN, ID_RESTAURANTE) 
    VALUES (21,54, to_timestamp('19/10/16 08:29:24,000000000 AM','DD/MM/RR HH12:MI:SSXFF AM'), 0, 7,1);
	COMMIT;
    Insert into ISIS2304B121720.PEDIDOS (ID, ID_PRODUCTO, FECHA, SERVIDO, ID_ORDEN, ID_RESTAURANTE) 
    VALUES (22,54, to_timestamp('19/10/16 08:29:24,000000000 AM','DD/MM/RR HH12:MI:SSXFF AM'), 0, 8,1);
	COMMIT;
	
Insert into ISIS2304B121720.MENUS (ID, NAME, ID_RESTAURANTE, PRECIO, ID_ENTRADA, ID_PLATOFUERTE, ID_POSTRE, ID_BEBIDA, ID_ACOMPANIAMIENTO) 
VALUES (1, 'Combo 1', 1, 500000, 7, 83, 1, 70,94);
COMMIT;